id,image,filename,label,weight,pred_seed42,conf_seed42,pred_seed43,conf_seed43,pred_seed44,conf_seed44,min_conf,mean_conf,source
617,/home/h3r0-k1ll3r/Downloads/hackBlox/Round02/data/train/undefined/pool_00a215.jpg,pool_00a215.jpg,4,1.0,4,0.9097728729248047,4,0.9789530038833618,4,0.9517374038696289,0.9097728729248047,0.9468210935592651,scratch_consensus
618,/home/h3r0-k1ll3r/Downloads/hackBlox/Round02/data/train/undefined/pool_00a528.jpg,pool_00a528.jpg,1,1.0,1,0.9523752927780151,1,0.935848593711853,1,0.9422072768211365,0.935848593711853,0.9434770544370016,scratch_consensus
619,/home/h3r0-k1ll3r/Downloads/hackBlox/Round02/data/train/undefined/pool_00a68f.jpg,pool_00a68f.jpg,3,1.0,3,0.9433040022850037,3,0.9219048619270325,3,0.965238630771637,0.9219048619270325,0.943482498327891,scratch_consensus
627,/home/h3r0-k1ll3r/Downloads/hackBlox/Round02/data/train/undefined/pool_0107b3.jpg,pool_0107b3.jpg,1,1.0,1,0.9599934220314026,1,0.9537398219108582,1,0.9656129479408264,0.9537398219108582,0.959782063961029,scratch_consensus
628,/home/h3r0-k1ll3r/Downloads/hackBlox/Round02/data/train/undefined/pool_012596.jpg,pool_012596.jpg,1,1.0,1,0.964531660079956,1,0.9645426273345947,1,0.9401811361312866,0.9401811361312866,0.9564184745152792,scratch_consensus
652,/home/h3r0-k1ll3r/Downloads/hackBlox/Round02/data/train/undefined/pool_02ab07.jpg,pool_02ab07.jpg,1,1.0,1,0.9297089576721191,1,0.9272783398628235,1,0.9504143595695496,0.9272783398628235,0.9358005523681641,scratch_consensus
659,/home/h3r0-k1ll3r/Downloads/hackBlox/Round02/data/train/undefined/pool_02e043.jpg,pool_02e043.jpg,1,1.0,1,0.9371972680091858,1,0.9439273476600647,1,0.9452499151229858,0.9371972680091858,0.9421248435974121,scratch_consensus
670,/home/h3r0-k1ll3r/Downloads/hackBlox/Round02/data/train/undefined/pool_034e40.jpg,pool_034e40.jpg,1,1.0,1,0.9514854550361633,1,0.9371747374534607,1,0.9233701229095459,0.9233701229095459,0.93734343846639,scratch_consensus
674,/home/h3r0-k1ll3r/Downloads/hackBlox/Round02/data/train/undefined/pool_03981a.jpg,pool_03981a.jpg,1,1.0,1,0.946793794631958,1,0.9495915174484253,1,0.9338786602020264,0.9338786602020264,0.9434213240941366,scratch_consensus
680,/home/h3r0-k1ll3r/Downloads/hackBlox/Round02/data/train/undefined/pool_043c51.jpg,pool_043c51.jpg,1,1.0,1,0.964866042137146,1,0.9672743082046509,1,0.9405673742294312,0.9405673742294312,0.9575692415237427,scratch_consensus
684,/home/h3r0-k1ll3r/Downloads/hackBlox/Round02/data/train/undefined/pool_04791e.jpg,pool_04791e.jpg,1,1.0,1,0.9397967457771301,1,0.9225358366966248,1,0.9319849014282227,0.9225358366966248,0.9314391613006592,scratch_consensus
688,/home/h3r0-k1ll3r/Downloads/hackBlox/Round02/data/train/undefined/pool_048f4d.jpg,pool_048f4d.jpg,5,1.0,5,0.9177958369255066,5,0.9238716959953308,5,0.9204281568527222,0.9177958369255066,0.9206985632578532,scratch_consensus
696,/home/h3r0-k1ll3r/Downloads/hackBlox/Round02/data/train/undefined/pool_04c790.jpg,pool_04c790.jpg,1,1.0,1,0.9470064640045166,1,0.9389566779136658,1,0.9341346025466919,0.9341346025466919,0.9400325814882914,scratch_consensus
706,/home/h3r0-k1ll3r/Downloads/hackBlox/Round02/data/train/undefined/pool_053d59.jpg,pool_053d59.jpg,2,1.0,2,0.92863529920578,2,0.9005838632583618,2,0.9126929044723511,0.9005838632583618,0.9139706889788309,scratch_consensus
713,/home/h3r0-k1ll3r/Downloads/hackBlox/Round02/data/train/undefined/pool_057bce.jpg,pool_057bce.jpg,5,1.0,5,0.9378604292869568,5,0.9491086006164551,5,0.950478732585907,0.9378604292869568,0.945815920829773,scratch_consensus
716,/home/h3r0-k1ll3r/Downloads/hackBlox/Round02/data/train/undefined/pool_059a78.jpg,pool_059a78.jpg,1,1.0,1,0.9298526644706726,1,0.9302233457565308,1,0.9149227142333984,0.9149227142333984,0.9249995748202006,scratch_consensus
717,/home/h3r0-k1ll3r/Downloads/hackBlox/Round02/data/train/undefined/pool_05a1f8.jpg,pool_05a1f8.jpg,1,1.0,1,0.9548674821853638,1,0.9733489155769348,1,0.9602048397064209,0.9548674821853638,0.9628070791562399,scratch_consensus
728,/home/h3r0-k1ll3r/Downloads/hackBlox/Round02/data/train/undefined/pool_06191f.jpg,pool_06191f.jpg,5,1.0,5,0.9206764101982117,5,0.9355841279029846,5,0.9279045462608337,0.9206764101982117,0.9280550281206766,scratch_consensus
749,/home/h3r0-k1ll3r/Downloads/hackBlox/Round02/data/train/undefined/pool_06eced.jpg,pool_06eced.jpg,1,1.0,1,0.9556455612182617,1,0.947943389415741,1,0.9501618146896362,0.947943389415741,0.9512502551078796,scratch_consensus
762,/home/h3r0-k1ll3r/Downloads/hackBlox/Round02/data/train/undefined/pool_076ad4.jpg,pool_076ad4.jpg,1,1.0,1,0.9477280378341675,1,0.9120935201644897,1,0.9448782205581665,0.9120935201644897,0.9348999261856079,scratch_consensus
771,/home/h3r0-k1ll3r/Downloads/hackBlox/Round02/data/train/undefined/pool_07a3d4.jpg,pool_07a3d4.jpg,1,1.0,1,0.913528323173523,1,0.9380866289138794,1,0.9533244371414185,0.913528323173523,0.9349797964096069,scratch_consensus
772,/home/h3r0-k1ll3r/Downloads/hackBlox/Round02/data/train/undefined/pool_07ad07.jpg,pool_07ad07.jpg,1,1.0,1,0.9475321173667908,1,0.9670798182487488,1,0.9525737166404724,0.9475321173667908,0.955728550752004,scratch_consensus
813,/home/h3r0-k1ll3r/Downloads/hackBlox/Round02/data/train/undefined/pool_0961a5.jpg,pool_0961a5.jpg,5,1.0,5,0.9810081124305725,5,0.9772311449050903,5,0.970858633518219,0.970858633518219,0.9763659636179606,scratch_consensus
823,/home/h3r0-k1ll3r/Downloads/hackBlox/Round02/data/train/undefined/pool_0a0702.jpg,pool_0a0702.jpg,1,1.0,1,0.9490500688552856,1,0.9563984274864197,1,0.922829806804657,0.922829806804657,0.9427594343821207,scratch_consensus
827,/home/h3r0-k1ll3r/Downloads/hackBlox/Round02/data/train/undefined/pool_0a4e74.jpg,pool_0a4e74.jpg,1,1.0,1,0.9343838095664978,1,0.9291788339614868,1,0.9007119536399841,0.9007119536399841,0.9214248657226562,scratch_consensus
840,/home/h3r0-k1ll3r/Downloads/hackBlox/Round02/data/train/undefined/pool_0ac7aa.jpg,pool_0ac7aa.jpg,5,1.0,5,0.9585657119750977,5,0.9076115489006042,5,0.9027766585350037,0.9027766585350037,0.9229846398035685,scratch_consensus
852,/home/h3r0-k1ll3r/Downloads/hackBlox/Round02/data/train/undefined/pool_0b3962.jpg,pool_0b3962.jpg,5,1.0,5,0.9500964879989624,5,0.9104521870613098,5,0.9278092980384827,0.9104521870613098,0.929452657699585,scratch_consensus
873,/home/h3r0-k1ll3r/Downloads/hackBlox/Round02/data/train/undefined/pool_0c0243.jpg,pool_0c0243.jpg,1,1.0,1,0.9602342247962952,1,0.9337800145149231,1,0.949835479259491,0.9337800145149231,0.9479499061902364,scratch_consensus
875,/home/h3r0-k1ll3r/Downloads/hackBlox/Round02/data/train/undefined/pool_0c0704.jpg,pool_0c0704.jpg,0,1.0,0,0.9377803802490234,0,0.9786806106567383,0,0.900784432888031,0.900784432888031,0.9390818079312643,scratch_consensus
913,/home/h3r0-k1ll3r/Downloads/hackBlox/Round02/data/train/undefined/pool_0d6ed0.jpg,pool_0d6ed0.jpg,5,1.0,5,0.9081648588180542,5,0.9236786961555481,5,0.9188317060470581,0.9081648588180542,0.9168917536735535,scratch_consensus
916,/home/h3r0-k1ll3r/Downloads/hackBlox/Round02/data/train/undefined/pool_0da67b.jpg,pool_0da67b.jpg,5,1.0,5,0.9232513308525085,5,0.9154833555221558,5,0.9234343767166138,0.9154833555221558,0.920723021030426,scratch_consensus
927,/home/h3r0-k1ll3r/Downloads/hackBlox/Round02/data/train/undefined/pool_0e6022.jpg,pool_0e6022.jpg,5,1.0,5,0.9654634594917297,5,0.9636724591255188,5,0.9574910998344421,0.9574910998344421,0.9622090061505636,scratch_consensus
929,/home/h3r0-k1ll3r/Downloads/hackBlox/Round02/data/train/undefined/pool_0e79c8.jpg,pool_0e79c8.jpg,1,1.0,1,0.9277220964431763,1,0.9463499784469604,1,0.9414339661598206,0.9277220964431763,0.9385020136833191,scratch_consensus
948,/home/h3r0-k1ll3r/Downloads/hackBlox/Round02/data/train/undefined/pool_0f420b.jpg,pool_0f420b.jpg,1,1.0,1,0.9588330388069153,1,0.9484274983406067,1,0.9407454133033752,0.9407454133033752,0.9493353168169657,scratch_consensus
961,/home/h3r0-k1ll3r/Downloads/hackBlox/Round02/data/train/undefined/pool_0f9bd1.jpg,pool_0f9bd1.jpg,3,1.0,3,0.9035943746566772,3,0.9153029918670654,3,0.926171064376831,0.9035943746566772,0.9150228103001913,scratch_consensus
966,/home/h3r0-k1ll3r/Downloads/hackBlox/Round02/data/train/undefined/pool_0fef88.jpg,pool_0fef88.jpg,2,1.0,2,0.9440392255783081,2,0.90105801820755,2,0.9834508895874023,0.90105801820755,0.9428493777910868,scratch_consensus
969,/home/h3r0-k1ll3r/Downloads/hackBlox/Round02/data/train/undefined/pool_10129c.jpg,pool_10129c.jpg,1,1.0,1,0.9363582730293274,1,0.9563368558883667,1,0.9466169476509094,0.9363582730293274,0.9464373588562012,scratch_consensus
985,/home/h3r0-k1ll3r/Downloads/hackBlox/Round02/data/train/undefined/pool_10e45a.jpg,pool_10e45a.jpg,3,1.0,3,0.9524517059326172,3,0.9432995319366455,3,0.971549391746521,0.9432995319366455,0.9557668765385946,scratch_consensus
992,/home/h3r0-k1ll3r/Downloads/hackBlox/Round02/data/train/undefined/pool_1155b3.jpg,pool_1155b3.jpg,5,1.0,5,0.935412585735321,5,0.9266694188117981,5,0.9347548484802246,0.9266694188117981,0.9322789510091146,scratch_consensus
1000,/home/h3r0-k1ll3r/Downloads/hackBlox/Round02/data/train/undefined/pool_118af8.jpg,pool_118af8.jpg,1,1.0,1,0.9525322914123535,1,0.953561007976532,1,0.9437187910079956,0.9437187910079956,0.9499373634656271,scratch_consensus
1035,/home/h3r0-k1ll3r/Downloads/hackBlox/Round02/data/train/undefined/pool_1294a2.jpg,pool_1294a2.jpg,1,1.0,1,0.9277727007865906,1,0.9046485424041748,1,0.9055572748184204,0.9046485424041748,0.9126595060030619,scratch_consensus
1037,/home/h3r0-k1ll3r/Downloads/hackBlox/Round02/data/train/undefined/pool_129db7.jpg,pool_129db7.jpg,5,1.0,5,0.9569430947303772,5,0.9275330305099487,5,0.9295485615730286,0.9275330305099487,0.9380082289377848,scratch_consensus
1039,/home/h3r0-k1ll3r/Downloads/hackBlox/Round02/data/train/undefined/pool_12bae4.jpg,pool_12bae4.jpg,1,1.0,1,0.9262632727622986,1,0.9255416393280029,1,0.9157881736755371,0.9157881736755371,0.9225310285886129,scratch_consensus
1049,/home/h3r0-k1ll3r/Downloads/hackBlox/Round02/data/train/undefined/pool_1323e3.jpg,pool_1323e3.jpg,1,1.0,1,0.9509115815162659,1,0.9528791904449463,1,0.9492212533950806,0.9492212533950806,0.9510040084520975,scratch_consensus
1050,/home/h3r0-k1ll3r/Downloads/hackBlox/Round02/data/train/undefined/pool_13399c.jpg,pool_13399c.jpg,3,1.0,3,0.9230475425720215,3,0.9171854853630066,3,0.9434170722961426,0.9171854853630066,0.9278833667437235,scratch_consensus
1060,/home/h3r0-k1ll3r/Downloads/hackBlox/Round02/data/train/undefined/pool_13cc6a.jpg,pool_13cc6a.jpg,1,1.0,1,0.9537591338157654,1,0.9460494518280029,1,0.9214778542518616,0.9214778542518616,0.9404288132985433,scratch_consensus
1068,/home/h3r0-k1ll3r/Downloads/hackBlox/Round02/data/train/undefined/pool_14092c.jpg,pool_14092c.jpg,2,1.0,2,0.9466506242752075,2,0.9003514051437378,2,0.9732436537742615,0.9003514051437378,0.9400818943977356,scratch_consensus
1079,/home/h3r0-k1ll3r/Downloads/hackBlox/Round02/data/train/undefined/pool_143ed3.jpg,pool_143ed3.jpg,1,1.0,1,0.9385061264038086,1,0.9372055530548096,1,0.9388309121131897,0.9372055530548096,0.9381808638572693,scratch_consensus
1083,/home/h3r0-k1ll3r/Downloads/hackBlox/Round02/data/train/undefined/pool_1454c5.jpg,pool_1454c5.jpg,3,1.0,3,0.9545267224311829,3,0.9550368189811707,3,0.9892521500587463,0.9545267224311829,0.9662718971570333,scratch_consensus
1097,/home/h3r0-k1ll3r/Downloads/hackBlox/Round02/data/train/undefined/pool_1520cb.jpg,pool_1520cb.jpg,1,1.0,1,0.9418199062347412,1,0.9389565587043762,1,0.9416229128837585,0.9389565587043762,0.9407997926076254,scratch_consensus
1105,/home/h3r0-k1ll3r/Downloads/hackBlox/Round02/data/train/undefined/pool_159464.jpg,pool_159464.jpg,1,1.0,1,0.9358537197113037,1,0.9105901718139648,1,0.9034454226493835,0.9034454226493835,0.9166297713915507,scratch_consensus
1122,/home/h3r0-k1ll3r/Downloads/hackBlox/Round02/data/train/undefined/pool_167647.jpg,pool_167647.jpg,5,1.0,5,0.945166826248169,5,0.9647932052612305,5,0.9643529057502747,0.945166826248169,0.9581043124198914,scratch_consensus
1127,/home/h3r0-k1ll3r/Downloads/hackBlox/Round02/data/train/undefined/pool_16c280.jpg,pool_16c280.jpg,1,1.0,1,0.9435341358184814,1,0.9513947367668152,1,0.9347400069236755,0.9347400069236755,0.9432229598363241,scratch_consensus
1129,/home/h3r0-k1ll3r/Downloads/hackBlox/Round02/data/train/undefined/pool_16c747.jpg,pool_16c747.jpg,1,1.0,1,0.9610084295272827,1,0.9481751322746277,1,0.9603066444396973,0.9481751322746277,0.9564967354138693,scratch_consensus
1154,/home/h3r0-k1ll3r/Downloads/hackBlox/Round02/data/train/undefined/pool_17c41a.jpg,pool_17c41a.jpg,2,1.0,2,0.9252222180366516,2,0.9445658326148987,2,0.9341357350349426,0.9252222180366516,0.9346412618954977,scratch_consensus
1159,/home/h3r0-k1ll3r/Downloads/hackBlox/Round02/data/train/undefined/pool_182225.jpg,pool_182225.jpg,1,1.0,1,0.9300605058670044,1,0.9030269384384155,1,0.9479215145111084,0.9030269384384155,0.9270029862721761,scratch_consensus
1212,/home/h3r0-k1ll3r/Downloads/hackBlox/Round02/data/train/undefined/pool_1a4c9d.jpg,pool_1a4c9d.jpg,1,1.0,1,0.9179395437240601,1,0.9279036521911621,1,0.9392091035842896,0.9179395437240601,0.9283507664998373,scratch_consensus
1221,/home/h3r0-k1ll3r/Downloads/hackBlox/Round02/data/train/undefined/pool_1ac07d.jpg,pool_1ac07d.jpg,1,1.0,1,0.9435648918151855,1,0.9351022839546204,1,0.9050759077072144,0.9050759077072144,0.9279143611590067,scratch_consensus
1222,/home/h3r0-k1ll3r/Downloads/hackBlox/Round02/data/train/undefined/pool_1ac09c.jpg,pool_1ac09c.jpg,1,1.0,1,0.9455739259719849,1,0.9031662344932556,1,0.9368967413902283,0.9031662344932556,0.9285456339518229,scratch_consensus
1225,/home/h3r0-k1ll3r/Downloads/hackBlox/Round02/data/train/undefined/pool_1ad056.jpg,pool_1ad056.jpg,1,1.0,1,0.9318806529045105,1,0.9495636820793152,1,0.9408543109893799,0.9318806529045105,0.9407662153244019,scratch_consensus
1235,/home/h3r0-k1ll3r/Downloads/hackBlox/Round02/data/train/undefined/pool_1b3c4b.jpg,pool_1b3c4b.jpg,3,1.0,3,0.9461179375648499,3,0.9447268843650818,3,0.9651398062705994,0.9447268843650818,0.9519948760668436,scratch_consensus
1246,/home/h3r0-k1ll3r/Downloads/hackBlox/Round02/data/train/undefined/pool_1c1232.jpg,pool_1c1232.jpg,1,1.0,1,0.9578981399536133,1,0.9472092390060425,1,0.9634801149368286,0.9472092390060425,0.9561958312988281,scratch_consensus
1247,/home/h3r0-k1ll3r/Downloads/hackBlox/Round02/data/train/undefined/pool_1c15d5.jpg,pool_1c15d5.jpg,0,1.0,0,0.9245851039886475,0,0.9093225598335266,0,0.9260649085044861,0.9093225598335266,0.9199908574422201,scratch_consensus
1252,/home/h3r0-k1ll3r/Downloads/hackBlox/Round02/data/train/undefined/pool_1c6352.jpg,pool_1c6352.jpg,0,1.0,0,0.931473970413208,0,0.9332426190376282,0,0.9082409739494324,0.9082409739494324,0.9243191878000895,scratch_consensus
1259,/home/h3r0-k1ll3r/Downloads/hackBlox/Round02/data/train/undefined/pool_1ca88b.jpg,pool_1ca88b.jpg,1,1.0,1,0.9103264212608337,1,0.904360294342041,1,0.9189374446868896,0.904360294342041,0.9112080534299215,scratch_consensus
1280,/home/h3r0-k1ll3r/Downloads/hackBlox/Round02/data/train/undefined/pool_1d77cc.jpg,pool_1d77cc.jpg,1,1.0,1,0.9287238121032715,1,0.9398074150085449,1,0.9335644841194153,0.9287238121032715,0.9340319037437439,scratch_consensus
1296,/home/h3r0-k1ll3r/Downloads/hackBlox/Round02/data/train/undefined/pool_1e22c9.jpg,pool_1e22c9.jpg,5,1.0,5,0.9340054988861084,5,0.9100011587142944,5,0.9172903895378113,0.9100011587142944,0.9204323490460714,scratch_consensus
1333,/home/h3r0-k1ll3r/Downloads/hackBlox/Round02/data/train/undefined/pool_1f8b0e.jpg,pool_1f8b0e.jpg,3,1.0,3,0.9369025826454163,3,0.9314321875572205,3,0.9679320454597473,0.9314321875572205,0.9454222718874613,scratch_consensus
1402,/home/h3r0-k1ll3r/Downloads/hackBlox/Round02/data/train/undefined/pool_2235d6.jpg,pool_2235d6.jpg,1,1.0,1,0.9348526000976562,1,0.9172043800354004,1,0.9522990584373474,0.9172043800354004,0.9347853461901346,scratch_consensus
1412,/home/h3r0-k1ll3r/Downloads/hackBlox/Round02/data/train/undefined/pool_2289af.jpg,pool_2289af.jpg,5,1.0,5,0.9550437927246094,5,0.9518080353736877,5,0.9656413197517395,0.9518080353736877,0.9574977159500122,scratch_consensus
1414,/home/h3r0-k1ll3r/Downloads/hackBlox/Round02/data/train/undefined/pool_229d5c.jpg,pool_229d5c.jpg,5,1.0,5,0.9071993231773376,5,0.9753758907318115,5,0.9269992113113403,0.9071993231773376,0.9365248084068298,scratch_consensus
1443,/home/h3r0-k1ll3r/Downloads/hackBlox/Round02/data/train/undefined/pool_241835.jpg,pool_241835.jpg,1,1.0,1,0.9316861629486084,1,0.9234638214111328,1,0.9234872460365295,0.9234638214111328,0.9262124101320902,scratch_consensus
1448,/home/h3r0-k1ll3r/Downloads/hackBlox/Round02/data/train/undefined/pool_24465d.jpg,pool_24465d.jpg,1,1.0,1,0.9452476501464844,1,0.9155583381652832,1,0.951606810092926,0.9155583381652832,0.9374709328015646,scratch_consensus
1451,/home/h3r0-k1ll3r/Downloads/hackBlox/Round02/data/train/undefined/pool_245d92.jpg,pool_245d92.jpg,1,1.0,1,0.947279691696167,1,0.9473147988319397,1,0.9378208518028259,0.9378208518028259,0.9441384474436442,scratch_consensus
1465,/home/h3r0-k1ll3r/Downloads/hackBlox/Round02/data/train/undefined/pool_253f58.jpg,pool_253f58.jpg,1,1.0,1,0.9584496021270752,1,0.9662089943885803,1,0.9535050988197327,0.9535050988197327,0.9593878984451294,scratch_consensus
1477,/home/h3r0-k1ll3r/Downloads/hackBlox/Round02/data/train/undefined/pool_25ce77.jpg,pool_25ce77.jpg,5,1.0,5,0.9747296571731567,5,0.9695714116096497,5,0.9766070246696472,0.9695714116096497,0.9736360311508179,scratch_consensus
1497,/home/h3r0-k1ll3r/Downloads/hackBlox/Round02/data/train/undefined/pool_267cd4.jpg,pool_267cd4.jpg,1,1.0,1,0.9314577579498291,1,0.923700749874115,1,0.9351604580879211,0.923700749874115,0.9301063219706217,scratch_consensus
1506,/home/h3r0-k1ll3r/Downloads/hackBlox/Round02/data/train/undefined/pool_26e719.jpg,pool_26e719.jpg,1,1.0,1,0.9394848942756653,1,0.9466506838798523,1,0.9383195638656616,0.9383195638656616,0.9414850473403931,scratch_consensus
1511,/home/h3r0-k1ll3r/Downloads/hackBlox/Round02/data/train/undefined/pool_270bef.jpg,pool_270bef.jpg,1,1.0,1,0.90348219871521,1,0.9005612134933472,1,0.916234016418457,0.9005612134933472,0.9067591428756714,scratch_consensus
1517,/home/h3r0-k1ll3r/Downloads/hackBlox/Round02/data/train/undefined/pool_273e5b.jpg,pool_273e5b.jpg,5,1.0,5,0.9354318976402283,5,0.9149583578109741,5,0.9162080883979797,0.9149583578109741,0.9221994479497274,scratch_consensus
1520,/home/h3r0-k1ll3r/Downloads/hackBlox/Round02/data/train/undefined/pool_277c60.jpg,pool_277c60.jpg,5,1.0,5,0.9137334227561951,5,0.9472994208335876,5,0.9075297713279724,0.9075297713279724,0.9228542049725851,scratch_consensus
1532,/home/h3r0-k1ll3r/Downloads/hackBlox/Round02/data/train/undefined/pool_284771.jpg,pool_284771.jpg,1,1.0,1,0.9080306887626648,1,0.9206503629684448,1,0.9117035269737244,0.9080306887626648,0.9134615262349447,scratch_consensus
1543,/home/h3r0-k1ll3r/Downloads/hackBlox/Round02/data/train/undefined/pool_28f9ac.jpg,pool_28f9ac.jpg,1,1.0,1,0.9418778419494629,1,0.9187542796134949,1,0.9570913314819336,0.9187542796134949,0.9392411510149637,scratch_consensus
1546,/home/h3r0-k1ll3r/Downloads/hackBlox/Round02/data/train/undefined/pool_29042e.jpg,pool_29042e.jpg,1,1.0,1,0.9521514177322388,1,0.9293896555900574,1,0.9050830006599426,0.9050830006599426,0.928874691327413,scratch_consensus
1549,/home/h3r0-k1ll3r/Downloads/hackBlox/Round02/data/train/undefined/pool_29251d.jpg,pool_29251d.jpg,1,1.0,1,0.9493190050125122,1,0.9217032194137573,1,0.919813871383667,0.919813871383667,0.9302786986033121,scratch_consensus
1550,/home/h3r0-k1ll3r/Downloads/hackBlox/Round02/data/train/undefined/pool_292ebf.jpg,pool_292ebf.jpg,1,1.0,1,0.9282011985778809,1,0.909102201461792,1,0.9326357245445251,0.909102201461792,0.923313041528066,scratch_consensus
1566,/home/h3r0-k1ll3r/Downloads/hackBlox/Round02/data/train/undefined/pool_29dbda.jpg,pool_29dbda.jpg,5,1.0,5,0.9398502707481384,5,0.9260746240615845,5,0.9326549172401428,0.9260746240615845,0.9328599373499552,scratch_consensus
1573,/home/h3r0-k1ll3r/Downloads/hackBlox/Round02/data/train/undefined/pool_2a6272.jpg,pool_2a6272.jpg,1,1.0,1,0.9465360045433044,1,0.9088431000709534,1,0.9441683292388916,0.9088431000709534,0.9331824779510498,scratch_consensus
1586,/home/h3r0-k1ll3r/Downloads/hackBlox/Round02/data/train/undefined/pool_2af9c1.jpg,pool_2af9c1.jpg,1,1.0,1,0.9401649832725525,1,0.9249109029769897,1,0.9321187138557434,0.9249109029769897,0.9323982000350952,scratch_consensus
1614,/home/h3r0-k1ll3r/Downloads/hackBlox/Round02/data/train/undefined/pool_2c3242.jpg,pool_2c3242.jpg,1,1.0,1,0.9543273448944092,1,0.9681604504585266,1,0.9668134450912476,0.9543273448944092,0.9631004134813944,scratch_consensus
1623,/home/h3r0-k1ll3r/Downloads/hackBlox/Round02/data/train/undefined/pool_2c798e.jpg,pool_2c798e.jpg,5,1.0,5,0.936619222164154,5,0.9131377935409546,5,0.9259381294250488,0.9131377935409546,0.9252317150433859,scratch_consensus
1628,/home/h3r0-k1ll3r/Downloads/hackBlox/Round02/data/train/undefined/pool_2cb5c7.jpg,pool_2cb5c7.jpg,5,1.0,5,0.9727122187614441,5,0.9553515911102295,5,0.9417262077331543,0.9417262077331543,0.9565966725349426,scratch_consensus
1648,/home/h3r0-k1ll3r/Downloads/hackBlox/Round02/data/train/undefined/pool_2d539a.jpg,pool_2d539a.jpg,0,1.0,0,0.948173999786377,0,0.9427092671394348,0,0.9691171050071716,0.9427092671394348,0.9533334573109945,scratch_consensus
1652,/home/h3r0-k1ll3r/Downloads/hackBlox/Round02/data/train/undefined/pool_2d6eca.jpg,pool_2d6eca.jpg,1,1.0,1,0.9373056292533875,1,0.9437573552131653,1,0.9449753165245056,0.9373056292533875,0.9420127669970194,scratch_consensus
1653,/home/h3r0-k1ll3r/Downloads/hackBlox/Round02/data/train/undefined/pool_2d8087.jpg,pool_2d8087.jpg,1,1.0,1,0.9180412292480469,1,0.930363655090332,1,0.9261468052864075,0.9180412292480469,0.9248505632082621,scratch_consensus
1693,/home/h3r0-k1ll3r/Downloads/hackBlox/Round02/data/train/undefined/pool_2f3ca2.jpg,pool_2f3ca2.jpg,1,1.0,1,0.9354515075683594,1,0.9454158544540405,1,0.9231225252151489,0.9231225252151489,0.9346632957458496,scratch_consensus
1703,/home/h3r0-k1ll3r/Downloads/hackBlox/Round02/data/train/undefined/pool_2fa49a.jpg,pool_2fa49a.jpg,1,1.0,1,0.9179409742355347,1,0.9245729446411133,1,0.9416526556015015,0.9179409742355347,0.9280555248260498,scratch_consensus
1725,/home/h3r0-k1ll3r/Downloads/hackBlox/Round02/data/train/undefined/pool_3088d1.jpg,pool_3088d1.jpg,5,1.0,5,0.9432761669158936,5,0.9409471750259399,5,0.903629720211029,0.903629720211029,0.9292843540509542,scratch_consensus
1729,/home/h3r0-k1ll3r/Downloads/hackBlox/Round02/data/train/undefined/pool_30b045.jpg,pool_30b045.jpg,1,1.0,1,0.9495747685432434,1,0.9618434309959412,1,0.9431939125061035,0.9431939125061035,0.9515373706817627,scratch_consensus
1734,/home/h3r0-k1ll3r/Downloads/hackBlox/Round02/data/train/undefined/pool_30e5d7.jpg,pool_30e5d7.jpg,1,1.0,1,0.9448157548904419,1,0.9136041402816772,1,0.902945876121521,0.902945876121521,0.92045525709788,scratch_consensus
1750,/home/h3r0-k1ll3r/Downloads/hackBlox/Round02/data/train/undefined/pool_319dfa.jpg,pool_319dfa.jpg,5,1.0,5,0.9470923542976379,5,0.9492457509040833,5,0.9418980479240417,0.9418980479240417,0.9460787177085876,scratch_consensus
1751,/home/h3r0-k1ll3r/Downloads/hackBlox/Round02/data/train/undefined/pool_319e9d.jpg,pool_319e9d.jpg,1,1.0,1,0.9452422261238098,1,0.9336883425712585,1,0.9390314221382141,0.9336883425712585,0.9393206636110941,scratch_consensus
1771,/home/h3r0-k1ll3r/Downloads/hackBlox/Round02/data/train/undefined/pool_3249e3.jpg,pool_3249e3.jpg,1,1.0,1,0.9151563048362732,1,0.9333148002624512,1,0.9294500350952148,0.9151563048362732,0.9259737133979797,scratch_consensus
1774,/home/h3r0-k1ll3r/Downloads/hackBlox/Round02/data/train/undefined/pool_326ab0.jpg,pool_326ab0.jpg,4,1.0,4,0.9115186929702759,4,0.9177455306053162,4,0.9102750420570374,0.9102750420570374,0.9131797552108765,scratch_consensus
1780,/home/h3r0-k1ll3r/Downloads/hackBlox/Round02/data/train/undefined/pool_329179.jpg,pool_329179.jpg,1,1.0,1,0.9434687495231628,1,0.9594259262084961,1,0.9701265692710876,0.9434687495231628,0.9576737483342489,scratch_consensus
1781,/home/h3r0-k1ll3r/Downloads/hackBlox/Round02/data/train/undefined/pool_32949d.jpg,pool_32949d.jpg,5,1.0,5,0.9337077736854553,5,0.939569890499115,5,0.9445781707763672,0.9337077736854553,0.9392852783203125,scratch_consensus
1804,/home/h3r0-k1ll3r/Downloads/hackBlox/Round02/data/train/undefined/pool_33bb40.jpg,pool_33bb40.jpg,2,1.0,2,0.9411554336547852,2,0.9170066118240356,2,0.9609148502349854,0.9170066118240356,0.9396922985712687,scratch_consensus
1818,/home/h3r0-k1ll3r/Downloads/hackBlox/Round02/data/train/undefined/pool_3444b2.jpg,pool_3444b2.jpg,1,1.0,1,0.9488455653190613,1,0.9396567344665527,1,0.9425020217895508,0.9396567344665527,0.9436681071917216,scratch_consensus
1820,/home/h3r0-k1ll3r/Downloads/hackBlox/Round02/data/train/undefined/pool_344eb7.jpg,pool_344eb7.jpg,1,1.0,1,0.9542853236198425,1,0.920645534992218,1,0.9254164099693298,0.920645534992218,0.9334490895271301,scratch_consensus
1822,/home/h3r0-k1ll3r/Downloads/hackBlox/Round02/data/train/undefined/pool_345715.jpg,pool_345715.jpg,1,1.0,1,0.9548010230064392,1,0.95579993724823,1,0.9212291836738586,0.9212291836738586,0.9439433813095093,scratch_consensus
1823,/home/h3r0-k1ll3r/Downloads/hackBlox/Round02/data/train/undefined/pool_345c39.jpg,pool_345c39.jpg,5,1.0,5,0.9309688806533813,5,0.9229110479354858,5,0.9008124470710754,0.9008124470710754,0.9182307918866476,scratch_consensus
1833,/home/h3r0-k1ll3r/Downloads/hackBlox/Round02/data/train/undefined/pool_349255.jpg,pool_349255.jpg,3,1.0,3,0.9507296681404114,3,0.9331053495407104,3,0.9835473895072937,0.9331053495407104,0.9557941357294718,scratch_consensus
1851,/home/h3r0-k1ll3r/Downloads/hackBlox/Round02/data/train/undefined/pool_35382c.jpg,pool_35382c.jpg,3,1.0,3,0.9195985198020935,3,0.9413737654685974,3,0.9790604114532471,0.9195985198020935,0.946677565574646,scratch_consensus
1864,/home/h3r0-k1ll3r/Downloads/hackBlox/Round02/data/train/undefined/pool_35b9a5.jpg,pool_35b9a5.jpg,1,1.0,1,0.9613533616065979,1,0.9192149043083191,1,0.9535984396934509,0.9192149043083191,0.9447222352027893,scratch_consensus
1882,/home/h3r0-k1ll3r/Downloads/hackBlox/Round02/data/train/undefined/pool_3650f8.jpg,pool_3650f8.jpg,1,1.0,1,0.9468284249305725,1,0.9464020729064941,1,0.9515952467918396,0.9464020729064941,0.9482752482096354,scratch_consensus
1897,/home/h3r0-k1ll3r/Downloads/hackBlox/Round02/data/train/undefined/pool_36a8e3.jpg,pool_36a8e3.jpg,1,1.0,1,0.911324679851532,1,0.9110254049301147,1,0.9263896942138672,0.9110254049301147,0.9162465929985046,scratch_consensus
1921,/home/h3r0-k1ll3r/Downloads/hackBlox/Round02/data/train/undefined/pool_37aa1d.jpg,pool_37aa1d.jpg,1,1.0,1,0.9546194672584534,1,0.9555349349975586,1,0.9567972421646118,0.9546194672584534,0.9556505481402079,scratch_consensus
1935,/home/h3r0-k1ll3r/Downloads/hackBlox/Round02/data/train/undefined/pool_385c50.jpg,pool_385c50.jpg,1,1.0,1,0.9408281445503235,1,0.9143753051757812,1,0.9298744201660156,0.9143753051757812,0.9283592899640402,scratch_consensus
1941,/home/h3r0-k1ll3r/Downloads/hackBlox/Round02/data/train/undefined/pool_38c074.jpg,pool_38c074.jpg,5,1.0,5,0.9380857944488525,5,0.9247968792915344,5,0.9336562156677246,0.9247968792915344,0.9321796298027039,scratch_consensus
1942,/home/h3r0-k1ll3r/Downloads/hackBlox/Round02/data/train/undefined/pool_38c7b3.jpg,pool_38c7b3.jpg,4,1.0,4,0.9049394726753235,4,0.924476146697998,4,0.9448425769805908,0.9049394726753235,0.9247527321179708,scratch_consensus
1948,/home/h3r0-k1ll3r/Downloads/hackBlox/Round02/data/train/undefined/pool_38f9d3.jpg,pool_38f9d3.jpg,3,1.0,3,0.9270684123039246,3,0.9015560150146484,3,0.9303445816040039,0.9015560150146484,0.9196563363075256,scratch_consensus
2000,/home/h3r0-k1ll3r/Downloads/hackBlox/Round02/data/train/undefined/pool_3ae5e6.jpg,pool_3ae5e6.jpg,1,1.0,1,0.9159749746322632,1,0.9136204719543457,1,0.9164980053901672,0.9136204719543457,0.9153644839922587,scratch_consensus
2012,/home/h3r0-k1ll3r/Downloads/hackBlox/Round02/data/train/undefined/pool_3b8f6a.jpg,pool_3b8f6a.jpg,1,1.0,1,0.9535225629806519,1,0.907837450504303,1,0.9254743456840515,0.907837450504303,0.9289447863896688,scratch_consensus
2020,/home/h3r0-k1ll3r/Downloads/hackBlox/Round02/data/train/undefined/pool_3c3254.jpg,pool_3c3254.jpg,5,1.0,5,0.9517136812210083,5,0.9631391763687134,5,0.9651240110397339,0.9517136812210083,0.9599922895431519,scratch_consensus
2024,/home/h3r0-k1ll3r/Downloads/hackBlox/Round02/data/train/undefined/pool_3c4e9a.jpg,pool_3c4e9a.jpg,1,1.0,1,0.949955403804779,1,0.9302994608879089,1,0.9113454818725586,0.9113454818725586,0.9305334488550822,scratch_consensus
2034,/home/h3r0-k1ll3r/Downloads/hackBlox/Round02/data/train/undefined/pool_3c9a01.jpg,pool_3c9a01.jpg,1,1.0,1,0.9281908869743347,1,0.9571536779403687,1,0.941845715045929,0.9281908869743347,0.9423967599868774,scratch_consensus
2039,/home/h3r0-k1ll3r/Downloads/hackBlox/Round02/data/train/undefined/pool_3cbeea.jpg,pool_3cbeea.jpg,3,1.0,3,0.9516796469688416,3,0.9423342943191528,3,0.9791517853736877,0.9423342943191528,0.9577219088872274,scratch_consensus
2040,/home/h3r0-k1ll3r/Downloads/hackBlox/Round02/data/train/undefined/pool_3cc925.jpg,pool_3cc925.jpg,1,1.0,1,0.9223517179489136,1,0.928093671798706,1,0.9414138197898865,0.9223517179489136,0.9306197365125021,scratch_consensus
2083,/home/h3r0-k1ll3r/Downloads/hackBlox/Round02/data/train/undefined/pool_3e39c8.jpg,pool_3e39c8.jpg,5,1.0,5,0.9383398294448853,5,0.9404938817024231,5,0.930372953414917,0.930372953414917,0.9364022215207418,scratch_consensus
2096,/home/h3r0-k1ll3r/Downloads/hackBlox/Round02/data/train/undefined/pool_3edf67.jpg,pool_3edf67.jpg,2,1.0,2,0.9311200976371765,2,0.9254274964332581,2,0.9543461203575134,0.9254274964332581,0.9369645714759827,scratch_consensus
2101,/home/h3r0-k1ll3r/Downloads/hackBlox/Round02/data/train/undefined/pool_3f099c.jpg,pool_3f099c.jpg,1,1.0,1,0.9546777009963989,1,0.9529675245285034,1,0.9447911381721497,0.9447911381721497,0.9508121212323507,scratch_consensus
2113,/home/h3r0-k1ll3r/Downloads/hackBlox/Round02/data/train/undefined/pool_3f7de3.jpg,pool_3f7de3.jpg,1,1.0,1,0.9528310298919678,1,0.9359697103500366,1,0.9522212147712708,0.9359697103500366,0.9470073183377584,scratch_consensus
2116,/home/h3r0-k1ll3r/Downloads/hackBlox/Round02/data/train/undefined/pool_3f8d9f.jpg,pool_3f8d9f.jpg,1,1.0,1,0.9145549535751343,1,0.9191568493843079,1,0.91960608959198,0.9145549535751343,0.917772630850474,scratch_consensus
2117,/home/h3r0-k1ll3r/Downloads/hackBlox/Round02/data/train/undefined/pool_3f8db0.jpg,pool_3f8db0.jpg,1,1.0,1,0.9212012887001038,1,0.9103443026542664,1,0.9193406105041504,0.9103443026542664,0.9169620672861735,scratch_consensus
2143,/home/h3r0-k1ll3r/Downloads/hackBlox/Round02/data/train/undefined/pool_40a550.jpg,pool_40a550.jpg,1,1.0,1,0.9661951661109924,1,0.9599300622940063,1,0.9422854781150818,0.9422854781150818,0.9561369021733602,scratch_consensus
2167,/home/h3r0-k1ll3r/Downloads/hackBlox/Round02/data/train/undefined/pool_4169ce.jpg,pool_4169ce.jpg,1,1.0,1,0.9400061368942261,1,0.9681549072265625,1,0.9372328519821167,0.9372328519821167,0.9484646320343018,scratch_consensus
2169,/home/h3r0-k1ll3r/Downloads/hackBlox/Round02/data/train/undefined/pool_420e1d.jpg,pool_420e1d.jpg,5,1.0,5,0.9142290949821472,5,0.9281465411186218,5,0.93491530418396,0.9142290949821472,0.9257636467615763,scratch_consensus
2176,/home/h3r0-k1ll3r/Downloads/hackBlox/Round02/data/train/undefined/pool_425eca.jpg,pool_425eca.jpg,1,1.0,1,0.9368141889572144,1,0.9236635565757751,1,0.9273592233657837,0.9236635565757751,0.9292789896329244,scratch_consensus
2184,/home/h3r0-k1ll3r/Downloads/hackBlox/Round02/data/train/undefined/pool_42e25c.jpg,pool_42e25c.jpg,1,1.0,1,0.9429851174354553,1,0.9024737477302551,1,0.9382628798484802,0.9024737477302551,0.9279072483380636,scratch_consensus
2199,/home/h3r0-k1ll3r/Downloads/hackBlox/Round02/data/train/undefined/pool_43534b.jpg,pool_43534b.jpg,1,1.0,1,0.9503577351570129,1,0.9616259932518005,1,0.9450503587722778,0.9450503587722778,0.9523446957270304,scratch_consensus
2214,/home/h3r0-k1ll3r/Downloads/hackBlox/Round02/data/train/undefined/pool_43e4e4.jpg,pool_43e4e4.jpg,1,1.0,1,0.9100983142852783,1,0.9288762211799622,1,0.9444190859794617,0.9100983142852783,0.9277978738149008,scratch_consensus
2217,/home/h3r0-k1ll3r/Downloads/hackBlox/Round02/data/train/undefined/pool_441359.jpg,pool_441359.jpg,1,1.0,1,0.9293684363365173,1,0.9173048734664917,1,0.9058125019073486,0.9058125019073486,0.9174952705701193,scratch_consensus
2223,/home/h3r0-k1ll3r/Downloads/hackBlox/Round02/data/train/undefined/pool_444832.jpg,pool_444832.jpg,1,1.0,1,0.9497569799423218,1,0.9436644315719604,1,0.926964521408081,0.926964521408081,0.9401286443074545,scratch_consensus
2252,/home/h3r0-k1ll3r/Downloads/hackBlox/Round02/data/train/undefined/pool_45317b.jpg,pool_45317b.jpg,4,1.0,4,0.9252978563308716,4,0.9767810106277466,4,0.9594168066978455,0.9252978563308716,0.9538318912188212,scratch_consensus
2260,/home/h3r0-k1ll3r/Downloads/hackBlox/Round02/data/train/undefined/pool_45a7c3.jpg,pool_45a7c3.jpg,1,1.0,1,0.9399070143699646,1,0.9003610610961914,1,0.921057939529419,0.9003610610961914,0.920442004998525,scratch_consensus
2261,/home/h3r0-k1ll3r/Downloads/hackBlox/Round02/data/train/undefined/pool_45b977.jpg,pool_45b977.jpg,1,1.0,1,0.9215487837791443,1,0.9132732152938843,1,0.9396620988845825,0.9132732152938843,0.924828032652537,scratch_consensus
2262,/home/h3r0-k1ll3r/Downloads/hackBlox/Round02/data/train/undefined/pool_45bf01.jpg,pool_45bf01.jpg,4,1.0,4,0.9604883193969727,4,0.9671462774276733,4,0.9760493040084839,0.9604883193969727,0.9678946336110433,scratch_consensus
2287,/home/h3r0-k1ll3r/Downloads/hackBlox/Round02/data/train/undefined/pool_46f9a2.jpg,pool_46f9a2.jpg,1,1.0,1,0.9002683758735657,1,0.9349753260612488,1,0.9231616854667664,0.9002683758735657,0.9194684624671936,scratch_consensus
2288,/home/h3r0-k1ll3r/Downloads/hackBlox/Round02/data/train/undefined/pool_46fae0.jpg,pool_46fae0.jpg,1,1.0,1,0.9419794678688049,1,0.9338607788085938,1,0.9413319230079651,0.9338607788085938,0.9390573898951212,scratch_consensus
2301,/home/h3r0-k1ll3r/Downloads/hackBlox/Round02/data/train/undefined/pool_479a6d.jpg,pool_479a6d.jpg,5,1.0,5,0.9178972840309143,5,0.9393572807312012,5,0.9223239421844482,0.9178972840309143,0.9265261689821879,scratch_consensus
2307,/home/h3r0-k1ll3r/Downloads/hackBlox/Round02/data/train/undefined/pool_47cfef.jpg,pool_47cfef.jpg,1,1.0,1,0.9628568291664124,1,0.9447512626647949,1,0.9515819549560547,0.9447512626647949,0.9530633489290873,scratch_consensus
2311,/home/h3r0-k1ll3r/Downloads/hackBlox/Round02/data/train/undefined/pool_47e836.jpg,pool_47e836.jpg,1,1.0,1,0.9292219877243042,1,0.9464043378829956,1,0.9172137975692749,0.9172137975692749,0.9309467077255249,scratch_consensus
2322,/home/h3r0-k1ll3r/Downloads/hackBlox/Round02/data/train/undefined/pool_4844d7.jpg,pool_4844d7.jpg,1,1.0,1,0.9504552483558655,1,0.9666680693626404,1,0.9607310891151428,0.9504552483558655,0.9592848022778829,scratch_consensus
2328,/home/h3r0-k1ll3r/Downloads/hackBlox/Round02/data/train/undefined/pool_487cbd.jpg,pool_487cbd.jpg,4,1.0,4,0.9747297167778015,4,0.9758244752883911,4,0.9785560369491577,0.9747297167778015,0.9763700763384501,scratch_consensus
2333,/home/h3r0-k1ll3r/Downloads/hackBlox/Round02/data/train/undefined/pool_48baa5.jpg,pool_48baa5.jpg,1,1.0,1,0.9253448247909546,1,0.9499034881591797,1,0.9456608891487122,0.9253448247909546,0.9403030673662821,scratch_consensus
2338,/home/h3r0-k1ll3r/Downloads/hackBlox/Round02/data/train/undefined/pool_48dc2e.jpg,pool_48dc2e.jpg,5,1.0,5,0.9252449870109558,5,0.946803092956543,5,0.9012566208839417,0.9012566208839417,0.9244349002838135,scratch_consensus
2357,/home/h3r0-k1ll3r/Downloads/hackBlox/Round02/data/train/undefined/pool_49fe8b.jpg,pool_49fe8b.jpg,1,1.0,1,0.9629592895507812,1,0.9685746431350708,1,0.9408766627311707,0.9408766627311707,0.9574701984723409,scratch_consensus
2366,/home/h3r0-k1ll3r/Downloads/hackBlox/Round02/data/train/undefined/pool_4a7ce0.jpg,pool_4a7ce0.jpg,1,1.0,1,0.9502853751182556,1,0.9508340358734131,1,0.9580274224281311,0.9502853751182556,0.9530489444732666,scratch_consensus
2368,/home/h3r0-k1ll3r/Downloads/hackBlox/Round02/data/train/undefined/pool_4a8cf6.jpg,pool_4a8cf6.jpg,1,1.0,1,0.9496848583221436,1,0.9255702495574951,1,0.921774685382843,0.921774685382843,0.9323432644208273,scratch_consensus
2386,/home/h3r0-k1ll3r/Downloads/hackBlox/Round02/data/train/undefined/pool_4b77fd.jpg,pool_4b77fd.jpg,1,1.0,1,0.9229519963264465,1,0.9250738024711609,1,0.9145736694335938,0.9145736694335938,0.9208664894104004,scratch_consensus
2387,/home/h3r0-k1ll3r/Downloads/hackBlox/Round02/data/train/undefined/pool_4b960c.jpg,pool_4b960c.jpg,5,1.0,5,0.9589503407478333,5,0.9149515628814697,5,0.9426605701446533,0.9149515628814697,0.9388541579246521,scratch_consensus
2396,/home/h3r0-k1ll3r/Downloads/hackBlox/Round02/data/train/undefined/pool_4bd4f8.jpg,pool_4bd4f8.jpg,1,1.0,1,0.9271187782287598,1,0.9202196002006531,1,0.9181635975837708,0.9181635975837708,0.9218339920043945,scratch_consensus
2399,/home/h3r0-k1ll3r/Downloads/hackBlox/Round02/data/train/undefined/pool_4bf7ca.jpg,pool_4bf7ca.jpg,5,1.0,5,0.98237544298172,5,0.9659523963928223,5,0.9530585408210754,0.9530585408210754,0.9671287933985392,scratch_consensus
2417,/home/h3r0-k1ll3r/Downloads/hackBlox/Round02/data/train/undefined/pool_4c4d97.jpg,pool_4c4d97.jpg,1,1.0,1,0.9375513792037964,1,0.9388598799705505,1,0.9441258311271667,0.9375513792037964,0.9401790301005045,scratch_consensus
2436,/home/h3r0-k1ll3r/Downloads/hackBlox/Round02/data/train/undefined/pool_4ce5da.jpg,pool_4ce5da.jpg,0,1.0,0,0.9417428970336914,0,0.9169737696647644,0,0.9165419340133667,0.9165419340133667,0.9250862002372742,scratch_consensus
2465,/home/h3r0-k1ll3r/Downloads/hackBlox/Round02/data/train/undefined/pool_4e6adc.jpg,pool_4e6adc.jpg,1,1.0,1,0.9237277507781982,1,0.9426709413528442,1,0.9273984432220459,0.9237277507781982,0.9312657117843628,scratch_consensus
2510,/home/h3r0-k1ll3r/Downloads/hackBlox/Round02/data/train/undefined/pool_509676.jpg,pool_509676.jpg,1,1.0,1,0.9605218172073364,1,0.9637119174003601,1,0.9518684148788452,0.9518684148788452,0.9587007164955139,scratch_consensus
2531,/home/h3r0-k1ll3r/Downloads/hackBlox/Round02/data/train/undefined/pool_514f29.jpg,pool_514f29.jpg,1,1.0,1,0.9161327481269836,1,0.9106706380844116,1,0.9107791185379028,0.9106706380844116,0.9125275015830994,scratch_consensus
2542,/home/h3r0-k1ll3r/Downloads/hackBlox/Round02/data/train/undefined/pool_51c9dd.jpg,pool_51c9dd.jpg,1,1.0,1,0.9471500515937805,1,0.9528881907463074,1,0.9156588315963745,0.9156588315963745,0.9385656913121542,scratch_consensus
2551,/home/h3r0-k1ll3r/Downloads/hackBlox/Round02/data/train/undefined/pool_523f8e.jpg,pool_523f8e.jpg,1,1.0,1,0.9815450310707092,1,0.9782243967056274,1,0.9718447327613831,0.9718447327613831,0.9772047201792399,scratch_consensus
2566,/home/h3r0-k1ll3r/Downloads/hackBlox/Round02/data/train/undefined/pool_52e6b0.jpg,pool_52e6b0.jpg,5,1.0,5,0.9780681729316711,5,0.975364625453949,5,0.9717472195625305,0.9717472195625305,0.9750600059827169,scratch_consensus
2585,/home/h3r0-k1ll3r/Downloads/hackBlox/Round02/data/train/undefined/pool_53ae3b.jpg,pool_53ae3b.jpg,5,1.0,5,0.9456028342247009,5,0.9522028565406799,5,0.9318572878837585,0.9318572878837585,0.9432209928830465,scratch_consensus
2590,/home/h3r0-k1ll3r/Downloads/hackBlox/Round02/data/train/undefined/pool_53c169.jpg,pool_53c169.jpg,1,1.0,1,0.948117196559906,1,0.9565089344978333,1,0.9600002765655518,0.948117196559906,0.9548754692077637,scratch_consensus
2600,/home/h3r0-k1ll3r/Downloads/hackBlox/Round02/data/train/undefined/pool_545c3b.jpg,pool_545c3b.jpg,1,1.0,1,0.9116334915161133,1,0.9208871722221375,1,0.9183182120323181,0.9116334915161133,0.916946291923523,scratch_consensus
2603,/home/h3r0-k1ll3r/Downloads/hackBlox/Round02/data/train/undefined/pool_546ece.jpg,pool_546ece.jpg,1,1.0,1,0.9191819429397583,1,0.9336820840835571,1,0.9057158827781677,0.9057158827781677,0.9195266366004944,scratch_consensus
2619,/home/h3r0-k1ll3r/Downloads/hackBlox/Round02/data/train/undefined/pool_550b91.jpg,pool_550b91.jpg,0,1.0,0,0.9756834506988525,0,0.9472336173057556,0,0.9548845291137695,0.9472336173057556,0.9592671990394592,scratch_consensus
2632,/home/h3r0-k1ll3r/Downloads/hackBlox/Round02/data/train/undefined/pool_557f43.jpg,pool_557f43.jpg,3,1.0,3,0.9397422075271606,3,0.901945948600769,3,0.9542002081871033,0.901945948600769,0.931962788105011,scratch_consensus
2636,/home/h3r0-k1ll3r/Downloads/hackBlox/Round02/data/train/undefined/pool_559d0e.jpg,pool_559d0e.jpg,1,1.0,1,0.9330746531486511,1,0.9266728758811951,1,0.9320539832115173,0.9266728758811951,0.9306005040804545,scratch_consensus
2644,/home/h3r0-k1ll3r/Downloads/hackBlox/Round02/data/train/undefined/pool_55eed8.jpg,pool_55eed8.jpg,1,1.0,1,0.9359420537948608,1,0.9233826398849487,1,0.9486914873123169,0.9233826398849487,0.9360053936640421,scratch_consensus
2646,/home/h3r0-k1ll3r/Downloads/hackBlox/Round02/data/train/undefined/pool_55fb3a.jpg,pool_55fb3a.jpg,1,1.0,1,0.9697626829147339,1,0.9541638493537903,1,0.9683136940002441,0.9541638493537903,0.9640800754229227,scratch_consensus
2647,/home/h3r0-k1ll3r/Downloads/hackBlox/Round02/data/train/undefined/pool_560ff0.jpg,pool_560ff0.jpg,1,1.0,1,0.961624026298523,1,0.9393003582954407,1,0.9487455487251282,0.9393003582954407,0.9498899777730306,scratch_consensus
2651,/home/h3r0-k1ll3r/Downloads/hackBlox/Round02/data/train/undefined/pool_564ec6.jpg,pool_564ec6.jpg,1,1.0,1,0.9483368992805481,1,0.9705975651741028,1,0.9610767960548401,0.9483368992805481,0.9600037535031637,scratch_consensus
2668,/home/h3r0-k1ll3r/Downloads/hackBlox/Round02/data/train/undefined/pool_56fe51.jpg,pool_56fe51.jpg,1,1.0,1,0.9287611842155457,1,0.9471715688705444,1,0.951362669467926,0.9287611842155457,0.9424318075180054,scratch_consensus
2670,/home/h3r0-k1ll3r/Downloads/hackBlox/Round02/data/train/undefined/pool_571af2.jpg,pool_571af2.jpg,1,1.0,1,0.9209025502204895,1,0.9589340090751648,1,0.9400028586387634,0.9209025502204895,0.9399464726448059,scratch_consensus
2715,/home/h3r0-k1ll3r/Downloads/hackBlox/Round02/data/train/undefined/pool_59101b.jpg,pool_59101b.jpg,3,1.0,3,0.9352145791053772,3,0.9153942465782166,3,0.958579421043396,0.9153942465782166,0.93639608224233,scratch_consensus
2731,/home/h3r0-k1ll3r/Downloads/hackBlox/Round02/data/train/undefined/pool_59c3c5.jpg,pool_59c3c5.jpg,1,1.0,1,0.9194509387016296,1,0.9480723738670349,1,0.9499638080596924,0.9194509387016296,0.9391623735427856,scratch_consensus
2740,/home/h3r0-k1ll3r/Downloads/hackBlox/Round02/data/train/undefined/pool_5a042a.jpg,pool_5a042a.jpg,1,1.0,1,0.9225789308547974,1,0.9145383834838867,1,0.9010041356086731,0.9010041356086731,0.9127071499824524,scratch_consensus
2754,/home/h3r0-k1ll3r/Downloads/hackBlox/Round02/data/train/undefined/pool_5a9b36.jpg,pool_5a9b36.jpg,5,1.0,5,0.9519362449645996,5,0.9571297764778137,5,0.958970844745636,0.9519362449645996,0.9560122887293497,scratch_consensus
2773,/home/h3r0-k1ll3r/Downloads/hackBlox/Round02/data/train/undefined/pool_5b5a11.jpg,pool_5b5a11.jpg,1,1.0,1,0.9153280258178711,1,0.9123512506484985,1,0.9300177097320557,0.9123512506484985,0.9192323287328085,scratch_consensus
2774,/home/h3r0-k1ll3r/Downloads/hackBlox/Round02/data/train/undefined/pool_5b6040.jpg,pool_5b6040.jpg,1,1.0,1,0.9444993734359741,1,0.9533066153526306,1,0.9343929290771484,0.9343929290771484,0.9440663059552511,scratch_consensus
2780,/home/h3r0-k1ll3r/Downloads/hackBlox/Round02/data/train/undefined/pool_5bbb1d.jpg,pool_5bbb1d.jpg,2,1.0,2,0.9666878581047058,2,0.9295724630355835,2,0.9865896701812744,0.9295724630355835,0.9609499971071879,scratch_consensus
2785,/home/h3r0-k1ll3r/Downloads/hackBlox/Round02/data/train/undefined/pool_5c0cfa.jpg,pool_5c0cfa.jpg,2,1.0,2,0.9031249284744263,2,0.9430361390113831,2,0.9309518337249756,0.9031249284744263,0.925704300403595,scratch_consensus
2788,/home/h3r0-k1ll3r/Downloads/hackBlox/Round02/data/train/undefined/pool_5c2adb.jpg,pool_5c2adb.jpg,1,1.0,1,0.9756169319152832,1,0.9811779260635376,1,0.9742143154144287,0.9742143154144287,0.9770030577977499,scratch_consensus
2796,/home/h3r0-k1ll3r/Downloads/hackBlox/Round02/data/train/undefined/pool_5c9a99.jpg,pool_5c9a99.jpg,1,1.0,1,0.9303783774375916,1,0.9348265528678894,1,0.9528111219406128,0.9303783774375916,0.9393386840820312,scratch_consensus
2810,/home/h3r0-k1ll3r/Downloads/hackBlox/Round02/data/train/undefined/pool_5ccf99.jpg,pool_5ccf99.jpg,1,1.0,1,0.9376761317253113,1,0.9401917457580566,1,0.9544663429260254,0.9376761317253113,0.9441114068031311,scratch_consensus
2826,/home/h3r0-k1ll3r/Downloads/hackBlox/Round02/data/train/undefined/pool_5d9f5e.jpg,pool_5d9f5e.jpg,1,1.0,1,0.9233967661857605,1,0.9338784217834473,1,0.954015851020813,0.9233967661857605,0.9370970129966736,scratch_consensus
2827,/home/h3r0-k1ll3r/Downloads/hackBlox/Round02/data/train/undefined/pool_5da2c3.jpg,pool_5da2c3.jpg,1,1.0,1,0.9201084971427917,1,0.9245100021362305,1,0.9286037683486938,0.9201084971427917,0.924407422542572,scratch_consensus
2836,/home/h3r0-k1ll3r/Downloads/hackBlox/Round02/data/train/undefined/pool_5df48a.jpg,pool_5df48a.jpg,3,1.0,3,0.9285326600074768,3,0.903916597366333,3,0.9726081490516663,0.903916597366333,0.9350191354751587,scratch_consensus
2843,/home/h3r0-k1ll3r/Downloads/hackBlox/Round02/data/train/undefined/pool_5e361d.jpg,pool_5e361d.jpg,3,1.0,3,0.9361204504966736,3,0.9125039577484131,3,0.9411674737930298,0.9125039577484131,0.9299306273460388,scratch_consensus
2844,/home/h3r0-k1ll3r/Downloads/hackBlox/Round02/data/train/undefined/pool_5e38e2.jpg,pool_5e38e2.jpg,5,1.0,5,0.9561431407928467,5,0.9408899545669556,5,0.9417096376419067,0.9408899545669556,0.9462475776672363,scratch_consensus
2909,/home/h3r0-k1ll3r/Downloads/hackBlox/Round02/data/train/undefined/pool_6104b1.jpg,pool_6104b1.jpg,1,1.0,1,0.9378295540809631,1,0.952548623085022,1,0.9419824481010437,0.9378295540809631,0.9441202084223429,scratch_consensus
2930,/home/h3r0-k1ll3r/Downloads/hackBlox/Round02/data/train/undefined/pool_61a451.jpg,pool_61a451.jpg,1,1.0,1,0.9362764358520508,1,0.9353548288345337,1,0.9116261601448059,0.9116261601448059,0.9277524749437968,scratch_consensus
2944,/home/h3r0-k1ll3r/Downloads/hackBlox/Round02/data/train/undefined/pool_62207c.jpg,pool_62207c.jpg,5,1.0,5,0.9440374374389648,5,0.936681866645813,5,0.9515497088432312,0.936681866645813,0.944089670976003,scratch_consensus
2958,/home/h3r0-k1ll3r/Downloads/hackBlox/Round02/data/train/undefined/pool_628bd9.jpg,pool_628bd9.jpg,2,1.0,2,0.9346943497657776,2,0.9373058676719666,2,0.9554803371429443,0.9346943497657776,0.9424935181935629,scratch_consensus
2977,/home/h3r0-k1ll3r/Downloads/hackBlox/Round02/data/train/undefined/pool_6375c6.jpg,pool_6375c6.jpg,5,1.0,5,0.9048110246658325,5,0.9626501202583313,5,0.9002212285995483,0.9002212285995483,0.9225607911745707,scratch_consensus
3011,/home/h3r0-k1ll3r/Downloads/hackBlox/Round02/data/train/undefined/pool_649871.jpg,pool_649871.jpg,3,1.0,3,0.9262742400169373,3,0.9350600838661194,3,0.9700993299484253,0.9262742400169373,0.9438112179438273,scratch_consensus
3016,/home/h3r0-k1ll3r/Downloads/hackBlox/Round02/data/train/undefined/pool_64d6a9.jpg,pool_64d6a9.jpg,1,1.0,1,0.9431546330451965,1,0.959998607635498,1,0.9407789707183838,0.9407789707183838,0.9479774037996928,scratch_consensus
3017,/home/h3r0-k1ll3r/Downloads/hackBlox/Round02/data/train/undefined/pool_64de6d.jpg,pool_64de6d.jpg,1,1.0,1,0.909415602684021,1,0.9117648601531982,1,0.9162906408309937,0.909415602684021,0.9124903678894043,scratch_consensus
3040,/home/h3r0-k1ll3r/Downloads/hackBlox/Round02/data/train/undefined/pool_65e49b.jpg,pool_65e49b.jpg,1,1.0,1,0.9482308626174927,1,0.9225740432739258,1,0.9309875965118408,0.9225740432739258,0.9339308341344198,scratch_consensus
3078,/home/h3r0-k1ll3r/Downloads/hackBlox/Round02/data/train/undefined/pool_67a0f1.jpg,pool_67a0f1.jpg,1,1.0,1,0.9483506083488464,1,0.9609857797622681,1,0.959930956363678,0.9483506083488464,0.9564224481582642,scratch_consensus
3086,/home/h3r0-k1ll3r/Downloads/hackBlox/Round02/data/train/undefined/pool_67ffd5.jpg,pool_67ffd5.jpg,3,1.0,3,0.933584451675415,3,0.9118802547454834,3,0.9408389925956726,0.9118802547454834,0.9287678996721903,scratch_consensus
3090,/home/h3r0-k1ll3r/Downloads/hackBlox/Round02/data/train/undefined/pool_6820df.jpg,pool_6820df.jpg,2,1.0,2,0.9099425077438354,2,0.9026857614517212,2,0.9464935064315796,0.9026857614517212,0.9197072585423788,scratch_consensus
3130,/home/h3r0-k1ll3r/Downloads/hackBlox/Round02/data/train/undefined/pool_695824.jpg,pool_695824.jpg,0,1.0,0,0.9706616997718811,0,0.980108916759491,0,0.9636028409004211,0.9636028409004211,0.971457819143931,scratch_consensus
3133,/home/h3r0-k1ll3r/Downloads/hackBlox/Round02/data/train/undefined/pool_699b43.jpg,pool_699b43.jpg,1,1.0,1,0.9146516919136047,1,0.9448310732841492,1,0.962012529373169,0.9146516919136047,0.940498431523641,scratch_consensus
3137,/home/h3r0-k1ll3r/Downloads/hackBlox/Round02/data/train/undefined/pool_69bfc9.jpg,pool_69bfc9.jpg,1,1.0,1,0.9551231861114502,1,0.9280813336372375,1,0.9664028882980347,0.9280813336372375,0.9498691360155741,scratch_consensus
3141,/home/h3r0-k1ll3r/Downloads/hackBlox/Round02/data/train/undefined/pool_69ccac.jpg,pool_69ccac.jpg,5,1.0,5,0.9555332064628601,5,0.9597521424293518,5,0.9563575387001038,0.9555332064628601,0.9572142958641052,scratch_consensus
3157,/home/h3r0-k1ll3r/Downloads/hackBlox/Round02/data/train/undefined/pool_6a7260.jpg,pool_6a7260.jpg,1,1.0,1,0.931757390499115,1,0.9336031079292297,1,0.9279858469963074,0.9279858469963074,0.931115448474884,scratch_consensus
3160,/home/h3r0-k1ll3r/Downloads/hackBlox/Round02/data/train/undefined/pool_6a8f32.jpg,pool_6a8f32.jpg,5,1.0,5,0.976337730884552,5,0.9794164896011353,5,0.9643994569778442,0.9643994569778442,0.9733845591545105,scratch_consensus
3164,/home/h3r0-k1ll3r/Downloads/hackBlox/Round02/data/train/undefined/pool_6abd9b.jpg,pool_6abd9b.jpg,3,1.0,3,0.9109653234481812,3,0.9443169236183167,3,0.947568953037262,0.9109653234481812,0.9342837333679199,scratch_consensus
3174,/home/h3r0-k1ll3r/Downloads/hackBlox/Round02/data/train/undefined/pool_6b2321.jpg,pool_6b2321.jpg,1,1.0,1,0.9456217885017395,1,0.9344757199287415,1,0.9451107978820801,0.9344757199287415,0.941736102104187,scratch_consensus
3196,/home/h3r0-k1ll3r/Downloads/hackBlox/Round02/data/train/undefined/pool_6c1074.jpg,pool_6c1074.jpg,1,1.0,1,0.9023825526237488,1,0.9554346203804016,1,0.9083961844444275,0.9023825526237488,0.922071119149526,scratch_consensus
3200,/home/h3r0-k1ll3r/Downloads/hackBlox/Round02/data/train/undefined/pool_6c2a22.jpg,pool_6c2a22.jpg,1,1.0,1,0.9573876857757568,1,0.9550961852073669,1,0.9529027938842773,0.9529027938842773,0.9551288882891337,scratch_consensus
3211,/home/h3r0-k1ll3r/Downloads/hackBlox/Round02/data/train/undefined/pool_6ca3a5.jpg,pool_6ca3a5.jpg,3,1.0,3,0.9485580325126648,3,0.9367784261703491,3,0.9831486940383911,0.9367784261703491,0.9561617175738016,scratch_consensus
3214,/home/h3r0-k1ll3r/Downloads/hackBlox/Round02/data/train/undefined/pool_6cc17a.jpg,pool_6cc17a.jpg,5,1.0,5,0.9524660706520081,5,0.9282858371734619,5,0.9191253781318665,0.9191253781318665,0.9332924286524454,scratch_consensus
3220,/home/h3r0-k1ll3r/Downloads/hackBlox/Round02/data/train/undefined/pool_6d1282.jpg,pool_6d1282.jpg,1,1.0,1,0.9345694780349731,1,0.9220929741859436,1,0.9330900311470032,0.9220929741859436,0.9299174944559733,scratch_consensus
3228,/home/h3r0-k1ll3r/Downloads/hackBlox/Round02/data/train/undefined/pool_6d7b5c.jpg,pool_6d7b5c.jpg,1,1.0,1,0.9349176287651062,1,0.9193277955055237,1,0.9258216619491577,0.9193277955055237,0.9266890287399292,scratch_consensus
3235,/home/h3r0-k1ll3r/Downloads/hackBlox/Round02/data/train/undefined/pool_6dcfa6.jpg,pool_6dcfa6.jpg,1,1.0,1,0.9505806565284729,1,0.9617413282394409,1,0.9436641335487366,0.9436641335487366,0.9519953727722168,scratch_consensus
3236,/home/h3r0-k1ll3r/Downloads/hackBlox/Round02/data/train/undefined/pool_6dd089.jpg,pool_6dd089.jpg,1,1.0,1,0.9412053823471069,1,0.9299166798591614,1,0.9362694025039673,0.9299166798591614,0.9357971549034119,scratch_consensus
3276,/home/h3r0-k1ll3r/Downloads/hackBlox/Round02/data/train/undefined/pool_6f666a.jpg,pool_6f666a.jpg,5,1.0,5,0.9323261380195618,5,0.9027677178382874,5,0.9383010268211365,0.9027677178382874,0.9244649608929952,scratch_consensus
3277,/home/h3r0-k1ll3r/Downloads/hackBlox/Round02/data/train/undefined/pool_6f69a9.jpg,pool_6f69a9.jpg,5,1.0,5,0.9565426111221313,5,0.9575477838516235,5,0.957905113697052,0.9565426111221313,0.9573318362236023,scratch_consensus
3290,/home/h3r0-k1ll3r/Downloads/hackBlox/Round02/data/train/undefined/pool_70362b.jpg,pool_70362b.jpg,1,1.0,1,0.9337635040283203,1,0.9173462986946106,1,0.9136456251144409,0.9136456251144409,0.9215851426124573,scratch_consensus
3298,/home/h3r0-k1ll3r/Downloads/hackBlox/Round02/data/train/undefined/pool_706cdc.jpg,pool_706cdc.jpg,1,1.0,1,0.9572533369064331,1,0.9683757424354553,1,0.966776430606842,0.9572533369064331,0.9641351699829102,scratch_consensus
3307,/home/h3r0-k1ll3r/Downloads/hackBlox/Round02/data/train/undefined/pool_70e110.jpg,pool_70e110.jpg,1,1.0,1,0.9628423452377319,1,0.9551544785499573,1,0.9540179371833801,0.9540179371833801,0.9573382536570231,scratch_consensus
3320,/home/h3r0-k1ll3r/Downloads/hackBlox/Round02/data/train/undefined/pool_7147c5.jpg,pool_7147c5.jpg,2,1.0,2,0.9398728609085083,2,0.9441378116607666,2,0.9256937503814697,0.9256937503814697,0.9365681409835815,scratch_consensus
3323,/home/h3r0-k1ll3r/Downloads/hackBlox/Round02/data/train/undefined/pool_716b37.jpg,pool_716b37.jpg,3,1.0,3,0.9078051447868347,3,0.9314805269241333,3,0.9297314286231995,0.9078051447868347,0.9230057001113892,scratch_consensus
3332,/home/h3r0-k1ll3r/Downloads/hackBlox/Round02/data/train/undefined/pool_71e83a.jpg,pool_71e83a.jpg,1,1.0,1,0.9393154978752136,1,0.9470542669296265,1,0.9384201169013977,0.9384201169013977,0.9415966272354126,scratch_consensus
3359,/home/h3r0-k1ll3r/Downloads/hackBlox/Round02/data/train/undefined/pool_73116a.jpg,pool_73116a.jpg,4,1.0,4,0.9496170878410339,4,0.958208441734314,4,0.9524510502815247,0.9496170878410339,0.9534255266189575,scratch_consensus
3394,/home/h3r0-k1ll3r/Downloads/hackBlox/Round02/data/train/undefined/pool_74446c.jpg,pool_74446c.jpg,1,1.0,1,0.9099903106689453,1,0.9268814325332642,1,0.9061004519462585,0.9061004519462585,0.9143240650494894,scratch_consensus
3401,/home/h3r0-k1ll3r/Downloads/hackBlox/Round02/data/train/undefined/pool_74ab37.jpg,pool_74ab37.jpg,1,1.0,1,0.9293409585952759,1,0.9226954579353333,1,0.9360928535461426,0.9226954579353333,0.9293764233589172,scratch_consensus
3413,/home/h3r0-k1ll3r/Downloads/hackBlox/Round02/data/train/undefined/pool_752b34.jpg,pool_752b34.jpg,1,1.0,1,0.9329574108123779,1,0.9199451208114624,1,0.9166399836540222,0.9166399836540222,0.9231808384259542,scratch_consensus
3425,/home/h3r0-k1ll3r/Downloads/hackBlox/Round02/data/train/undefined/pool_759307.jpg,pool_759307.jpg,1,1.0,1,0.9561764001846313,1,0.9284229874610901,1,0.9390661120414734,0.9284229874610901,0.9412218332290649,scratch_consensus
3432,/home/h3r0-k1ll3r/Downloads/hackBlox/Round02/data/train/undefined/pool_75c7e1.jpg,pool_75c7e1.jpg,5,1.0,5,0.9354869723320007,5,0.9305757284164429,5,0.9014356732368469,0.9014356732368469,0.9224994579950968,scratch_consensus
3433,/home/h3r0-k1ll3r/Downloads/hackBlox/Round02/data/train/undefined/pool_75db3f.jpg,pool_75db3f.jpg,1,1.0,1,0.9422282576560974,1,0.9527673721313477,1,0.9459622502326965,0.9422282576560974,0.9469859600067139,scratch_consensus
3452,/home/h3r0-k1ll3r/Downloads/hackBlox/Round02/data/train/undefined/pool_771889.jpg,pool_771889.jpg,1,1.0,1,0.9574903249740601,1,0.9304711818695068,1,0.9410054087638855,0.9304711818695068,0.9429889718691508,scratch_consensus
3454,/home/h3r0-k1ll3r/Downloads/hackBlox/Round02/data/train/undefined/pool_772dbd.jpg,pool_772dbd.jpg,1,1.0,1,0.9416990280151367,1,0.9452525973320007,1,0.9334457516670227,0.9334457516670227,0.9401324590047201,scratch_consensus
3456,/home/h3r0-k1ll3r/Downloads/hackBlox/Round02/data/train/undefined/pool_7752a1.jpg,pool_7752a1.jpg,1,1.0,1,0.9317849278450012,1,0.9442676901817322,1,0.9517385363578796,0.9317849278450012,0.9425970514615377,scratch_consensus
3469,/home/h3r0-k1ll3r/Downloads/hackBlox/Round02/data/train/undefined/pool_77f217.jpg,pool_77f217.jpg,1,1.0,1,0.973442792892456,1,0.9721848964691162,1,0.9535844326019287,0.9535844326019287,0.9664040406545004,scratch_consensus
3487,/home/h3r0-k1ll3r/Downloads/hackBlox/Round02/data/train/undefined/pool_788243.jpg,pool_788243.jpg,1,1.0,1,0.9202467799186707,1,0.9007607102394104,1,0.9259358048439026,0.9007607102394104,0.9156477650006613,scratch_consensus
3488,/home/h3r0-k1ll3r/Downloads/hackBlox/Round02/data/train/undefined/pool_788e18.jpg,pool_788e18.jpg,5,1.0,5,0.9444867372512817,5,0.9319431781768799,5,0.9295973181724548,0.9295973181724548,0.9353424112002054,scratch_consensus
3534,/home/h3r0-k1ll3r/Downloads/hackBlox/Round02/data/train/undefined/pool_7a2a1b.jpg,pool_7a2a1b.jpg,1,1.0,1,0.9675602316856384,1,0.9455464482307434,1,0.9056426882743835,0.9056426882743835,0.9395831227302551,scratch_consensus
3570,/home/h3r0-k1ll3r/Downloads/hackBlox/Round02/data/train/undefined/pool_7bb308.jpg,pool_7bb308.jpg,3,1.0,3,0.9232305884361267,3,0.9304283261299133,3,0.9624598026275635,0.9232305884361267,0.9387062390645345,scratch_consensus
3584,/home/h3r0-k1ll3r/Downloads/hackBlox/Round02/data/train/undefined/pool_7c7441.jpg,pool_7c7441.jpg,1,1.0,1,0.9571735858917236,1,0.9311341643333435,1,0.9382048845291138,0.9311341643333435,0.9421708782513937,scratch_consensus
3588,/home/h3r0-k1ll3r/Downloads/hackBlox/Round02/data/train/undefined/pool_7ca217.jpg,pool_7ca217.jpg,0,1.0,0,0.9377824068069458,0,0.9500008225440979,0,0.9639540910720825,0.9377824068069458,0.9505791068077087,scratch_consensus
3600,/home/h3r0-k1ll3r/Downloads/hackBlox/Round02/data/train/undefined/pool_7d54e6.jpg,pool_7d54e6.jpg,5,1.0,5,0.9722349047660828,5,0.9712841510772705,5,0.9584266543388367,0.9584266543388367,0.9673152367273966,scratch_consensus
3607,/home/h3r0-k1ll3r/Downloads/hackBlox/Round02/data/train/undefined/pool_7d9e2f.jpg,pool_7d9e2f.jpg,2,1.0,2,0.9521788358688354,2,0.9408195614814758,2,0.9868000745773315,0.9408195614814758,0.959932823975881,scratch_consensus
3611,/home/h3r0-k1ll3r/Downloads/hackBlox/Round02/data/train/undefined/pool_7dc13e.jpg,pool_7dc13e.jpg,2,1.0,2,0.9564970135688782,2,0.9286725521087646,2,0.9821893572807312,0.9286725521087646,0.9557863076527914,scratch_consensus
3614,/home/h3r0-k1ll3r/Downloads/hackBlox/Round02/data/train/undefined/pool_7dda3a.jpg,pool_7dda3a.jpg,1,1.0,1,0.9321529269218445,1,0.9152042865753174,1,0.9317323565483093,0.9152042865753174,0.9263631900151571,scratch_consensus
3625,/home/h3r0-k1ll3r/Downloads/hackBlox/Round02/data/train/undefined/pool_7e488f.jpg,pool_7e488f.jpg,1,1.0,1,0.9579459428787231,1,0.9451037645339966,1,0.9517984390258789,0.9451037645339966,0.9516160488128662,scratch_consensus
3646,/home/h3r0-k1ll3r/Downloads/hackBlox/Round02/data/train/undefined/pool_7f0128.jpg,pool_7f0128.jpg,1,1.0,1,0.9547308683395386,1,0.9730728268623352,1,0.9549708366394043,0.9547308683395386,0.9609248439470927,scratch_consensus
3651,/home/h3r0-k1ll3r/Downloads/hackBlox/Round02/data/train/undefined/pool_7f36d9.jpg,pool_7f36d9.jpg,1,1.0,1,0.915013313293457,1,0.9184098839759827,1,0.9110041260719299,0.9110041260719299,0.9148091077804565,scratch_consensus
3662,/home/h3r0-k1ll3r/Downloads/hackBlox/Round02/data/train/undefined/pool_7fd5e3.jpg,pool_7fd5e3.jpg,5,1.0,5,0.9291176199913025,5,0.9548510313034058,5,0.9582118391990662,0.9291176199913025,0.9473934968312582,scratch_consensus
3680,/home/h3r0-k1ll3r/Downloads/hackBlox/Round02/data/train/undefined/pool_804768.jpg,pool_804768.jpg,1,1.0,1,0.9462923407554626,1,0.9113231301307678,1,0.925719678401947,0.9113231301307678,0.9277783830960592,scratch_consensus
3690,/home/h3r0-k1ll3r/Downloads/hackBlox/Round02/data/train/undefined/pool_809924.jpg,pool_809924.jpg,5,1.0,5,0.9106334447860718,5,0.9483005404472351,5,0.9321295022964478,0.9106334447860718,0.9303544958432516,scratch_consensus
3697,/home/h3r0-k1ll3r/Downloads/hackBlox/Round02/data/train/undefined/pool_80f34b.jpg,pool_80f34b.jpg,5,1.0,5,0.9733883142471313,5,0.94748854637146,5,0.9639020562171936,0.94748854637146,0.961592972278595,scratch_consensus
3736,/home/h3r0-k1ll3r/Downloads/hackBlox/Round02/data/train/undefined/pool_827a78.jpg,pool_827a78.jpg,5,1.0,5,0.9822783470153809,5,0.9735428690910339,5,0.9715675115585327,0.9715675115585327,0.9757962425549825,scratch_consensus
3744,/home/h3r0-k1ll3r/Downloads/hackBlox/Round02/data/train/undefined/pool_82b778.jpg,pool_82b778.jpg,1,1.0,1,0.9291586875915527,1,0.9469919204711914,1,0.9470332264900208,0.9291586875915527,0.941061278184255,scratch_consensus
3764,/home/h3r0-k1ll3r/Downloads/hackBlox/Round02/data/train/undefined/pool_83c66e.jpg,pool_83c66e.jpg,1,1.0,1,0.9151796698570251,1,0.9400996565818787,1,0.9573096632957458,0.9151796698570251,0.9375296632448832,scratch_consensus
3768,/home/h3r0-k1ll3r/Downloads/hackBlox/Round02/data/train/undefined/pool_83eec1.jpg,pool_83eec1.jpg,1,1.0,1,0.9341937899589539,1,0.9044987559318542,1,0.9063776731491089,0.9044987559318542,0.915023406346639,scratch_consensus
3791,/home/h3r0-k1ll3r/Downloads/hackBlox/Round02/data/train/undefined/pool_84b9c7.jpg,pool_84b9c7.jpg,1,1.0,1,0.9393587708473206,1,0.9044166207313538,1,0.9350191950798035,0.9044166207313538,0.9262648622194926,scratch_consensus
3796,/home/h3r0-k1ll3r/Downloads/hackBlox/Round02/data/train/undefined/pool_84f7c8.jpg,pool_84f7c8.jpg,3,1.0,3,0.9158622026443481,3,0.9049175977706909,3,0.9549052715301514,0.9049175977706909,0.9252283573150635,scratch_consensus
3803,/home/h3r0-k1ll3r/Downloads/hackBlox/Round02/data/train/undefined/pool_854fc8.jpg,pool_854fc8.jpg,3,1.0,3,0.9011036157608032,3,0.9098182320594788,3,0.9371870160102844,0.9011036157608032,0.9160362879435221,scratch_consensus
3821,/home/h3r0-k1ll3r/Downloads/hackBlox/Round02/data/train/undefined/pool_8611f1.jpg,pool_8611f1.jpg,3,1.0,3,0.9435005784034729,3,0.9189423322677612,3,0.9491353034973145,0.9189423322677612,0.9371927380561829,scratch_consensus
3833,/home/h3r0-k1ll3r/Downloads/hackBlox/Round02/data/train/undefined/pool_869a44.jpg,pool_869a44.jpg,5,1.0,5,0.9272680282592773,5,0.9036927223205566,5,0.9497061371803284,0.9036927223205566,0.9268889625867208,scratch_consensus
3841,/home/h3r0-k1ll3r/Downloads/hackBlox/Round02/data/train/undefined/pool_86fe89.jpg,pool_86fe89.jpg,5,1.0,5,0.9619340896606445,5,0.9163186550140381,5,0.9399877786636353,0.9163186550140381,0.9394135077794393,scratch_consensus
3855,/home/h3r0-k1ll3r/Downloads/hackBlox/Round02/data/train/undefined/pool_8762bd.jpg,pool_8762bd.jpg,1,1.0,1,0.9157186150550842,1,0.909069836139679,1,0.9321228861808777,0.909069836139679,0.9189704457918803,scratch_consensus
3857,/home/h3r0-k1ll3r/Downloads/hackBlox/Round02/data/train/undefined/pool_877124.jpg,pool_877124.jpg,5,1.0,5,0.9182031154632568,5,0.9058387875556946,5,0.9129848480224609,0.9058387875556946,0.9123422503471375,scratch_consensus
3861,/home/h3r0-k1ll3r/Downloads/hackBlox/Round02/data/train/undefined/pool_87bec5.jpg,pool_87bec5.jpg,1,1.0,1,0.9183995127677917,1,0.9071431756019592,1,0.9085528254508972,0.9071431756019592,0.9113651712735494,scratch_consensus
3871,/home/h3r0-k1ll3r/Downloads/hackBlox/Round02/data/train/undefined/pool_8810e6.jpg,pool_8810e6.jpg,1,1.0,1,0.9334325194358826,1,0.9554365873336792,1,0.9256812930107117,0.9256812930107117,0.9381834665934244,scratch_consensus
3891,/home/h3r0-k1ll3r/Downloads/hackBlox/Round02/data/train/undefined/pool_88ff26.jpg,pool_88ff26.jpg,1,1.0,1,0.9641754627227783,1,0.9586343169212341,1,0.9632159471511841,0.9586343169212341,0.9620085755983988,scratch_consensus
3906,/home/h3r0-k1ll3r/Downloads/hackBlox/Round02/data/train/undefined/pool_8a0253.jpg,pool_8a0253.jpg,5,1.0,5,0.9412796497344971,5,0.9265767931938171,5,0.9311907887458801,0.9265767931938171,0.9330157438913981,scratch_consensus
3908,/home/h3r0-k1ll3r/Downloads/hackBlox/Round02/data/train/undefined/pool_8a0362.jpg,pool_8a0362.jpg,1,1.0,1,0.9434055089950562,1,0.9424262046813965,1,0.907440721988678,0.907440721988678,0.9310908118883768,scratch_consensus
3915,/home/h3r0-k1ll3r/Downloads/hackBlox/Round02/data/train/undefined/pool_8a3084.jpg,pool_8a3084.jpg,1,1.0,1,0.9106939435005188,1,0.9085592031478882,1,0.9266918897628784,0.9085592031478882,0.9153150121370951,scratch_consensus
3937,/home/h3r0-k1ll3r/Downloads/hackBlox/Round02/data/train/undefined/pool_8b46d1.jpg,pool_8b46d1.jpg,5,1.0,5,0.9376130104064941,5,0.9535486698150635,5,0.9231939911842346,0.9231939911842346,0.938118557135264,scratch_consensus
3938,/home/h3r0-k1ll3r/Downloads/hackBlox/Round02/data/train/undefined/pool_8b47ae.jpg,pool_8b47ae.jpg,1,1.0,1,0.93854159116745,1,0.9357656836509705,1,0.959235668182373,0.9357656836509705,0.9445143143335978,scratch_consensus
3972,/home/h3r0-k1ll3r/Downloads/hackBlox/Round02/data/train/undefined/pool_8cdb29.jpg,pool_8cdb29.jpg,5,1.0,5,0.9678955078125,5,0.9765331149101257,5,0.948387622833252,0.948387622833252,0.9642720818519592,scratch_consensus
3983,/home/h3r0-k1ll3r/Downloads/hackBlox/Round02/data/train/undefined/pool_8d40b5.jpg,pool_8d40b5.jpg,1,1.0,1,0.9021344184875488,1,0.9101658463478088,1,0.9144381880760193,0.9021344184875488,0.9089128176371256,scratch_consensus
3994,/home/h3r0-k1ll3r/Downloads/hackBlox/Round02/data/train/undefined/pool_8db88d.jpg,pool_8db88d.jpg,0,1.0,0,0.979502260684967,0,0.979184627532959,0,0.9119022488594055,0.9119022488594055,0.9568630456924438,scratch_consensus
4004,/home/h3r0-k1ll3r/Downloads/hackBlox/Round02/data/train/undefined/pool_8e3e9c.jpg,pool_8e3e9c.jpg,5,1.0,5,0.9460884928703308,5,0.9181768894195557,5,0.9397024512290955,0.9181768894195557,0.9346559445063273,scratch_consensus
4005,/home/h3r0-k1ll3r/Downloads/hackBlox/Round02/data/train/undefined/pool_8e4c2b.jpg,pool_8e4c2b.jpg,1,1.0,1,0.9213501811027527,1,0.9098401665687561,1,0.9449552893638611,0.9098401665687561,0.9253818790117899,scratch_consensus
4008,/home/h3r0-k1ll3r/Downloads/hackBlox/Round02/data/train/undefined/pool_8e8d62.jpg,pool_8e8d62.jpg,5,1.0,5,0.9395100474357605,5,0.9530845284461975,5,0.948180615901947,0.9395100474357605,0.9469250639279684,scratch_consensus
4035,/home/h3r0-k1ll3r/Downloads/hackBlox/Round02/data/train/undefined/pool_8fae52.jpg,pool_8fae52.jpg,5,1.0,5,0.9599716067314148,5,0.96555495262146,5,0.9626660943031311,0.9599716067314148,0.962730884552002,scratch_consensus
4040,/home/h3r0-k1ll3r/Downloads/hackBlox/Round02/data/train/undefined/pool_8fdf1d.jpg,pool_8fdf1d.jpg,1,1.0,1,0.9297528862953186,1,0.9311213493347168,1,0.9406477212905884,0.9297528862953186,0.9338406523068746,scratch_consensus
4055,/home/h3r0-k1ll3r/Downloads/hackBlox/Round02/data/train/undefined/pool_90815f.jpg,pool_90815f.jpg,2,1.0,2,0.9224783182144165,2,0.9082107543945312,2,0.9447429776191711,0.9082107543945312,0.9251440167427063,scratch_consensus
4063,/home/h3r0-k1ll3r/Downloads/hackBlox/Round02/data/train/undefined/pool_90d801.jpg,pool_90d801.jpg,1,1.0,1,0.949009895324707,1,0.9179868698120117,1,0.9143146872520447,0.9143146872520447,0.9271038174629211,scratch_consensus
4083,/home/h3r0-k1ll3r/Downloads/hackBlox/Round02/data/train/undefined/pool_920fea.jpg,pool_920fea.jpg,1,1.0,1,0.9380694031715393,1,0.9346928000450134,1,0.9543535113334656,0.9346928000450134,0.9423719048500061,scratch_consensus
4106,/home/h3r0-k1ll3r/Downloads/hackBlox/Round02/data/train/undefined/pool_935cf3.jpg,pool_935cf3.jpg,1,1.0,1,0.9532524347305298,1,0.9133526682853699,1,0.9227744936943054,0.9133526682853699,0.9297931989034017,scratch_consensus
4128,/home/h3r0-k1ll3r/Downloads/hackBlox/Round02/data/train/undefined/pool_944933.jpg,pool_944933.jpg,1,1.0,1,0.9581185579299927,1,0.9611025452613831,1,0.9502606987953186,0.9502606987953186,0.9564939339955648,scratch_consensus
4147,/home/h3r0-k1ll3r/Downloads/hackBlox/Round02/data/train/undefined/pool_94e872.jpg,pool_94e872.jpg,3,1.0,3,0.9218423962593079,3,0.9187284111976624,3,0.9631915092468262,0.9187284111976624,0.9345874389012655,scratch_consensus
4183,/home/h3r0-k1ll3r/Downloads/hackBlox/Round02/data/train/undefined/pool_9641da.jpg,pool_9641da.jpg,2,1.0,2,0.9308964610099792,2,0.900667667388916,2,0.9642135500907898,0.900667667388916,0.931925892829895,scratch_consensus
4184,/home/h3r0-k1ll3r/Downloads/hackBlox/Round02/data/train/undefined/pool_9641f5.jpg,pool_9641f5.jpg,1,1.0,1,0.957580029964447,1,0.945831835269928,1,0.9358474612236023,0.9358474612236023,0.9464197754859924,scratch_consensus
4228,/home/h3r0-k1ll3r/Downloads/hackBlox/Round02/data/train/undefined/pool_9879f7.jpg,pool_9879f7.jpg,1,1.0,1,0.9437516331672668,1,0.9292656183242798,1,0.9386664032936096,0.9292656183242798,0.9372278849283854,scratch_consensus
4233,/home/h3r0-k1ll3r/Downloads/hackBlox/Round02/data/train/undefined/pool_989d51.jpg,pool_989d51.jpg,1,1.0,1,0.9259822964668274,1,0.9115626811981201,1,0.9302403330802917,0.9115626811981201,0.9225951035817465,scratch_consensus
4239,/home/h3r0-k1ll3r/Downloads/hackBlox/Round02/data/train/undefined/pool_98b89b.jpg,pool_98b89b.jpg,1,1.0,1,0.9456466436386108,1,0.9613738656044006,1,0.9432024955749512,0.9432024955749512,0.9500743349393209,scratch_consensus
4242,/home/h3r0-k1ll3r/Downloads/hackBlox/Round02/data/train/undefined/pool_99110b.jpg,pool_99110b.jpg,4,1.0,4,0.9101481437683105,4,0.9779477715492249,4,0.903334379196167,0.903334379196167,0.9304767648379008,scratch_consensus
4259,/home/h3r0-k1ll3r/Downloads/hackBlox/Round02/data/train/undefined/pool_999e3c.jpg,pool_999e3c.jpg,5,1.0,5,0.923256516456604,5,0.9086756110191345,5,0.9199197292327881,0.9086756110191345,0.9172839522361755,scratch_consensus
4266,/home/h3r0-k1ll3r/Downloads/hackBlox/Round02/data/train/undefined/pool_99dd9c.jpg,pool_99dd9c.jpg,1,1.0,1,0.9297277331352234,1,0.9420267939567566,1,0.9388988018035889,0.9297277331352234,0.9368844429651896,scratch_consensus
4268,/home/h3r0-k1ll3r/Downloads/hackBlox/Round02/data/train/undefined/pool_99e903.jpg,pool_99e903.jpg,1,1.0,1,0.9572032690048218,1,0.9436535239219666,1,0.9592160582542419,0.9436535239219666,0.9533576170603434,scratch_consensus
4318,/home/h3r0-k1ll3r/Downloads/hackBlox/Round02/data/train/undefined/pool_9c5b2c.jpg,pool_9c5b2c.jpg,1,1.0,1,0.9396305084228516,1,0.9459500908851624,1,0.9386152029037476,0.9386152029037476,0.9413986007372538,scratch_consensus
4325,/home/h3r0-k1ll3r/Downloads/hackBlox/Round02/data/train/undefined/pool_9cc670.jpg,pool_9cc670.jpg,1,1.0,1,0.9416681528091431,1,0.9032021164894104,1,0.9397377967834473,0.9032021164894104,0.9282026886940002,scratch_consensus
4326,/home/h3r0-k1ll3r/Downloads/hackBlox/Round02/data/train/undefined/pool_9cd6e7.jpg,pool_9cd6e7.jpg,1,1.0,1,0.9421154260635376,1,0.9440533518791199,1,0.9183454513549805,0.9183454513549805,0.934838076432546,scratch_consensus
4337,/home/h3r0-k1ll3r/Downloads/hackBlox/Round02/data/train/undefined/pool_9d6c0a.jpg,pool_9d6c0a.jpg,1,1.0,1,0.9072797894477844,1,0.9126132726669312,1,0.9257028102874756,0.9072797894477844,0.9151986241340637,scratch_consensus
4339,/home/h3r0-k1ll3r/Downloads/hackBlox/Round02/data/train/undefined/pool_9d80f6.jpg,pool_9d80f6.jpg,5,1.0,5,0.9299207925796509,5,0.9300546050071716,5,0.9311351776123047,0.9299207925796509,0.9303701917330424,scratch_consensus
4353,/home/h3r0-k1ll3r/Downloads/hackBlox/Round02/data/train/undefined/pool_9e2573.jpg,pool_9e2573.jpg,1,1.0,1,0.9414824843406677,1,0.9386500716209412,1,0.9360174536705017,0.9360174536705017,0.9387166698773702,scratch_consensus
4363,/home/h3r0-k1ll3r/Downloads/hackBlox/Round02/data/train/undefined/pool_9e4f09.jpg,pool_9e4f09.jpg,5,1.0,5,0.9451325535774231,5,0.9483510851860046,5,0.938020646572113,0.938020646572113,0.9438347617785136,scratch_consensus
4379,/home/h3r0-k1ll3r/Downloads/hackBlox/Round02/data/train/undefined/pool_9f4b88.jpg,pool_9f4b88.jpg,1,1.0,1,0.9283234477043152,1,0.9081613421440125,1,0.9448832273483276,0.9081613421440125,0.9271226723988851,scratch_consensus
4395,/home/h3r0-k1ll3r/Downloads/hackBlox/Round02/data/train/undefined/pool_a031fd.jpg,pool_a031fd.jpg,1,1.0,1,0.9231052398681641,1,0.9537778496742249,1,0.9341452121734619,0.9231052398681641,0.9370094339052836,scratch_consensus
4398,/home/h3r0-k1ll3r/Downloads/hackBlox/Round02/data/train/undefined/pool_a042b2.jpg,pool_a042b2.jpg,1,1.0,1,0.9254611730575562,1,0.9468649625778198,1,0.9168742299079895,0.9168742299079895,0.9297334551811218,scratch_consensus
4408,/home/h3r0-k1ll3r/Downloads/hackBlox/Round02/data/train/undefined/pool_a0a733.jpg,pool_a0a733.jpg,3,1.0,3,0.9494365453720093,3,0.9251279830932617,3,0.9557307958602905,0.9251279830932617,0.9434317747751871,scratch_consensus
4412,/home/h3r0-k1ll3r/Downloads/hackBlox/Round02/data/train/undefined/pool_a0e6c9.jpg,pool_a0e6c9.jpg,5,1.0,5,0.9295209646224976,5,0.9514265656471252,5,0.9253311157226562,0.9253311157226562,0.9354262153307596,scratch_consensus
4429,/home/h3r0-k1ll3r/Downloads/hackBlox/Round02/data/train/undefined/pool_a17eb5.jpg,pool_a17eb5.jpg,1,1.0,1,0.9594315886497498,1,0.9450288414955139,1,0.9123051762580872,0.9123051762580872,0.9389218688011169,scratch_consensus
4438,/home/h3r0-k1ll3r/Downloads/hackBlox/Round02/data/train/undefined/pool_a1e7e1.jpg,pool_a1e7e1.jpg,1,1.0,1,0.9534958004951477,1,0.9453933238983154,1,0.9368482828140259,0.9368482828140259,0.9452458024024963,scratch_consensus
4442,/home/h3r0-k1ll3r/Downloads/hackBlox/Round02/data/train/undefined/pool_a214f6.jpg,pool_a214f6.jpg,3,1.0,3,0.9143930673599243,3,0.917561411857605,3,0.9547184705734253,0.9143930673599243,0.9288909832636515,scratch_consensus
4445,/home/h3r0-k1ll3r/Downloads/hackBlox/Round02/data/train/undefined/pool_a23428.jpg,pool_a23428.jpg,2,1.0,2,0.9259998798370361,2,0.9058244228363037,2,0.9490673542022705,0.9058244228363037,0.9269638856252035,scratch_consensus
4470,/home/h3r0-k1ll3r/Downloads/hackBlox/Round02/data/train/undefined/pool_a3906e.jpg,pool_a3906e.jpg,3,1.0,3,0.9223484396934509,3,0.9069932103157043,3,0.957156777381897,0.9069932103157043,0.9288328091303507,scratch_consensus
4472,/home/h3r0-k1ll3r/Downloads/hackBlox/Round02/data/train/undefined/pool_a3ad64.jpg,pool_a3ad64.jpg,5,1.0,5,0.9783415794372559,5,0.9731019735336304,5,0.955909013748169,0.955909013748169,0.9691175222396851,scratch_consensus
4476,/home/h3r0-k1ll3r/Downloads/hackBlox/Round02/data/train/undefined/pool_a3c572.jpg,pool_a3c572.jpg,1,1.0,1,0.9169431924819946,1,0.9279231429100037,1,0.9231470823287964,0.9169431924819946,0.9226711392402649,scratch_consensus
4482,/home/h3r0-k1ll3r/Downloads/hackBlox/Round02/data/train/undefined/pool_a3f034.jpg,pool_a3f034.jpg,1,1.0,1,0.922257125377655,1,0.9394456744194031,1,0.9285749793052673,0.922257125377655,0.9300925930341085,scratch_consensus
4490,/home/h3r0-k1ll3r/Downloads/hackBlox/Round02/data/train/undefined/pool_a41141.jpg,pool_a41141.jpg,1,1.0,1,0.9453893303871155,1,0.9570936560630798,1,0.9038485884666443,0.9038485884666443,0.9354438583056132,scratch_consensus
4494,/home/h3r0-k1ll3r/Downloads/hackBlox/Round02/data/train/undefined/pool_a42dd8.jpg,pool_a42dd8.jpg,1,1.0,1,0.9690532088279724,1,0.9480961561203003,1,0.9279892444610596,0.9279892444610596,0.9483795364697775,scratch_consensus
4530,/home/h3r0-k1ll3r/Downloads/hackBlox/Round02/data/train/undefined/pool_a5a3de.jpg,pool_a5a3de.jpg,1,1.0,1,0.938066303730011,1,0.9411928653717041,1,0.9353352189064026,0.9353352189064026,0.9381981293360392,scratch_consensus
4542,/home/h3r0-k1ll3r/Downloads/hackBlox/Round02/data/train/undefined/pool_a65403.jpg,pool_a65403.jpg,1,1.0,1,0.9360703229904175,1,0.9155295491218567,1,0.9412965774536133,0.9155295491218567,0.9309654831886292,scratch_consensus
4553,/home/h3r0-k1ll3r/Downloads/hackBlox/Round02/data/train/undefined/pool_a6d887.jpg,pool_a6d887.jpg,1,1.0,1,0.9357672929763794,1,0.9355440139770508,1,0.9140310883522034,0.9140310883522034,0.9284474651018778,scratch_consensus
4554,/home/h3r0-k1ll3r/Downloads/hackBlox/Round02/data/train/undefined/pool_a6dedc.jpg,pool_a6dedc.jpg,3,1.0,3,0.9310038089752197,3,0.9183900952339172,3,0.9623692631721497,0.9183900952339172,0.9372543891270956,scratch_consensus
4564,/home/h3r0-k1ll3r/Downloads/hackBlox/Round02/data/train/undefined/pool_a70677.jpg,pool_a70677.jpg,1,1.0,1,0.9560218453407288,1,0.9192407727241516,1,0.9433902502059937,0.9192407727241516,0.9395509560902914,scratch_consensus
4574,/home/h3r0-k1ll3r/Downloads/hackBlox/Round02/data/train/undefined/pool_a750f4.jpg,pool_a750f4.jpg,5,1.0,5,0.9721183776855469,5,0.9807681441307068,5,0.9431995153427124,0.9431995153427124,0.965362012386322,scratch_consensus
4589,/home/h3r0-k1ll3r/Downloads/hackBlox/Round02/data/train/undefined/pool_a81d83.jpg,pool_a81d83.jpg,3,1.0,3,0.9344626069068909,3,0.9275176525115967,3,0.9671916365623474,0.9275176525115967,0.9430572986602783,scratch_consensus
4590,/home/h3r0-k1ll3r/Downloads/hackBlox/Round02/data/train/undefined/pool_a83ee4.jpg,pool_a83ee4.jpg,5,1.0,5,0.9520561695098877,5,0.9274773597717285,5,0.9522197842597961,0.9274773597717285,0.9439177711804708,scratch_consensus
4603,/home/h3r0-k1ll3r/Downloads/hackBlox/Round02/data/train/undefined/pool_a8b5d9.jpg,pool_a8b5d9.jpg,5,1.0,5,0.9580204486846924,5,0.9381924867630005,5,0.9613732099533081,0.9381924867630005,0.952528715133667,scratch_consensus
4625,/home/h3r0-k1ll3r/Downloads/hackBlox/Round02/data/train/undefined/pool_a9775b.jpg,pool_a9775b.jpg,3,1.0,3,0.9530203342437744,3,0.9527843594551086,3,0.98188316822052,0.9527843594551086,0.962562620639801,scratch_consensus
4627,/home/h3r0-k1ll3r/Downloads/hackBlox/Round02/data/train/undefined/pool_a97e44.jpg,pool_a97e44.jpg,1,1.0,1,0.9455640316009521,1,0.9590339064598083,1,0.939408540725708,0.939408540725708,0.9480021595954895,scratch_consensus
4636,/home/h3r0-k1ll3r/Downloads/hackBlox/Round02/data/train/undefined/pool_a9af93.jpg,pool_a9af93.jpg,1,1.0,1,0.948480486869812,1,0.911850094795227,1,0.9336506128311157,0.911850094795227,0.9313270648320516,scratch_consensus
4645,/home/h3r0-k1ll3r/Downloads/hackBlox/Round02/data/train/undefined/pool_a9e092.jpg,pool_a9e092.jpg,1,1.0,1,0.9649084210395813,1,0.9650992751121521,1,0.9603893160820007,0.9603893160820007,0.963465670744578,scratch_consensus
4648,/home/h3r0-k1ll3r/Downloads/hackBlox/Round02/data/train/undefined/pool_a9f30f.jpg,pool_a9f30f.jpg,1,1.0,1,0.9340838193893433,1,0.9414552450180054,1,0.947547435760498,0.9340838193893433,0.9410288333892822,scratch_consensus
4654,/home/h3r0-k1ll3r/Downloads/hackBlox/Round02/data/train/undefined/pool_aa264c.jpg,pool_aa264c.jpg,1,1.0,1,0.9581314921379089,1,0.933253288269043,1,0.9540441632270813,0.933253288269043,0.9484763145446777,scratch_consensus
4690,/home/h3r0-k1ll3r/Downloads/hackBlox/Round02/data/train/undefined/pool_ab7508.jpg,pool_ab7508.jpg,1,1.0,1,0.9091687202453613,1,0.9238641262054443,1,0.9022478461265564,0.9022478461265564,0.9117602308591207,scratch_consensus
4698,/home/h3r0-k1ll3r/Downloads/hackBlox/Round02/data/train/undefined/pool_abe3bb.jpg,pool_abe3bb.jpg,3,1.0,3,0.9489191174507141,3,0.9113390445709229,3,0.9633418321609497,0.9113390445709229,0.9411999980608622,scratch_consensus
4727,/home/h3r0-k1ll3r/Downloads/hackBlox/Round02/data/train/undefined/pool_ad42b4.jpg,pool_ad42b4.jpg,3,1.0,3,0.927634596824646,3,0.9373459815979004,3,0.969906210899353,0.927634596824646,0.9449622631072998,scratch_consensus
4728,/home/h3r0-k1ll3r/Downloads/hackBlox/Round02/data/train/undefined/pool_ad729e.jpg,pool_ad729e.jpg,1,1.0,1,0.9721639156341553,1,0.9683027267456055,1,0.9530061483383179,0.9530061483383179,0.9644909302393595,scratch_consensus
4761,/home/h3r0-k1ll3r/Downloads/hackBlox/Round02/data/train/undefined/pool_aef666.jpg,pool_aef666.jpg,1,1.0,1,0.9113706350326538,1,0.9271509647369385,1,0.9195361137390137,0.9113706350326538,0.9193525711695353,scratch_consensus
4762,/home/h3r0-k1ll3r/Downloads/hackBlox/Round02/data/train/undefined/pool_aef88c.jpg,pool_aef88c.jpg,1,1.0,1,0.9339321255683899,1,0.9404301643371582,1,0.9124591946601868,0.9124591946601868,0.928940494855245,scratch_consensus
4764,/home/h3r0-k1ll3r/Downloads/hackBlox/Round02/data/train/undefined/pool_af037b.jpg,pool_af037b.jpg,5,1.0,5,0.981661856174469,5,0.9374001026153564,5,0.9421047568321228,0.9374001026153564,0.9537222385406494,scratch_consensus
4784,/home/h3r0-k1ll3r/Downloads/hackBlox/Round02/data/train/undefined/pool_afd8da.jpg,pool_afd8da.jpg,1,1.0,1,0.9601559638977051,1,0.9628203511238098,1,0.9352821111679077,0.9352821111679077,0.9527528087298075,scratch_consensus
4791,/home/h3r0-k1ll3r/Downloads/hackBlox/Round02/data/train/undefined/pool_b01ce4.jpg,pool_b01ce4.jpg,4,1.0,4,0.9003408551216125,4,0.9503359794616699,4,0.9093597531318665,0.9003408551216125,0.9200121959050497,scratch_consensus
4800,/home/h3r0-k1ll3r/Downloads/hackBlox/Round02/data/train/undefined/pool_b0a49b.jpg,pool_b0a49b.jpg,5,1.0,5,0.96407151222229,5,0.9521464109420776,5,0.9431833624839783,0.9431833624839783,0.953133761882782,scratch_consensus
4824,/home/h3r0-k1ll3r/Downloads/hackBlox/Round02/data/train/undefined/pool_b1750b.jpg,pool_b1750b.jpg,2,1.0,2,0.9415645003318787,2,0.9063625335693359,2,0.9373558163642883,0.9063625335693359,0.9284276167551676,scratch_consensus
4829,/home/h3r0-k1ll3r/Downloads/hackBlox/Round02/data/train/undefined/pool_b1a992.jpg,pool_b1a992.jpg,1,1.0,1,0.959799587726593,1,0.9571099281311035,1,0.9524696469306946,0.9524696469306946,0.9564597209294637,scratch_consensus
4861,/home/h3r0-k1ll3r/Downloads/hackBlox/Round02/data/train/undefined/pool_b368f6.jpg,pool_b368f6.jpg,1,1.0,1,0.91487056016922,1,0.9139086008071899,1,0.9145748019218445,0.9139086008071899,0.9144513209660848,scratch_consensus
4879,/home/h3r0-k1ll3r/Downloads/hackBlox/Round02/data/train/undefined/pool_b406f7.jpg,pool_b406f7.jpg,1,1.0,1,0.9538835883140564,1,0.966133177280426,1,0.9584934115409851,0.9538835883140564,0.9595033923784891,scratch_consensus
4893,/home/h3r0-k1ll3r/Downloads/hackBlox/Round02/data/train/undefined/pool_b490e2.jpg,pool_b490e2.jpg,3,1.0,3,0.9544892311096191,3,0.9394968748092651,3,0.9771615862846375,0.9394968748092651,0.9570492307345072,scratch_consensus
4902,/home/h3r0-k1ll3r/Downloads/hackBlox/Round02/data/train/undefined/pool_b4f383.jpg,pool_b4f383.jpg,1,1.0,1,0.9456789493560791,1,0.9190541505813599,1,0.974381148815155,0.9190541505813599,0.9463714162508646,scratch_consensus
4909,/home/h3r0-k1ll3r/Downloads/hackBlox/Round02/data/train/undefined/pool_b51c6b.jpg,pool_b51c6b.jpg,1,1.0,1,0.9523433446884155,1,0.9610345363616943,1,0.9633985757827759,0.9523433446884155,0.9589254856109619,scratch_consensus
4912,/home/h3r0-k1ll3r/Downloads/hackBlox/Round02/data/train/undefined/pool_b5425c.jpg,pool_b5425c.jpg,5,1.0,5,0.9273797273635864,5,0.9439936280250549,5,0.9460957646369934,0.9273797273635864,0.9391563733418783,scratch_consensus
4935,/home/h3r0-k1ll3r/Downloads/hackBlox/Round02/data/train/undefined/pool_b64872.jpg,pool_b64872.jpg,1,1.0,1,0.9405955076217651,1,0.9321292042732239,1,0.9186153411865234,0.9186153411865234,0.9304466843605042,scratch_consensus
4938,/home/h3r0-k1ll3r/Downloads/hackBlox/Round02/data/train/undefined/pool_b66563.jpg,pool_b66563.jpg,1,1.0,1,0.9480715394020081,1,0.9400056004524231,1,0.9366150498390198,0.9366150498390198,0.9415640632311503,scratch_consensus
4956,/home/h3r0-k1ll3r/Downloads/hackBlox/Round02/data/train/undefined/pool_b6ffb2.jpg,pool_b6ffb2.jpg,1,1.0,1,0.9021381139755249,1,0.952185332775116,1,0.9373984336853027,0.9021381139755249,0.9305739601453146,scratch_consensus
4959,/home/h3r0-k1ll3r/Downloads/hackBlox/Round02/data/train/undefined/pool_b70a3d.jpg,pool_b70a3d.jpg,1,1.0,1,0.9335532784461975,1,0.9374924898147583,1,0.9079601764678955,0.9079601764678955,0.9263353149096171,scratch_consensus
4973,/home/h3r0-k1ll3r/Downloads/hackBlox/Round02/data/train/undefined/pool_b7d061.jpg,pool_b7d061.jpg,1,1.0,1,0.9257229566574097,1,0.9366807341575623,1,0.9515615701675415,0.9257229566574097,0.9379884203275045,scratch_consensus
4980,/home/h3r0-k1ll3r/Downloads/hackBlox/Round02/data/train/undefined/pool_b7f684.jpg,pool_b7f684.jpg,2,1.0,2,0.9157899022102356,2,0.913844108581543,2,0.9550603032112122,0.913844108581543,0.928231438000997,scratch_consensus
4986,/home/h3r0-k1ll3r/Downloads/hackBlox/Round02/data/train/undefined/pool_b83801.jpg,pool_b83801.jpg,2,1.0,2,0.9294154047966003,2,0.9271723031997681,2,0.9382891654968262,0.9271723031997681,0.9316256244977316,scratch_consensus
4993,/home/h3r0-k1ll3r/Downloads/hackBlox/Round02/data/train/undefined/pool_b87b15.jpg,pool_b87b15.jpg,5,1.0,5,0.9507818222045898,5,0.9577512741088867,5,0.9574304223060608,0.9507818222045898,0.9553211728731791,scratch_consensus
4996,/home/h3r0-k1ll3r/Downloads/hackBlox/Round02/data/train/undefined/pool_b89375.jpg,pool_b89375.jpg,1,1.0,1,0.9471179842948914,1,0.9076784253120422,1,0.9521854519844055,0.9076784253120422,0.9356606205304464,scratch_consensus
5000,/home/h3r0-k1ll3r/Downloads/hackBlox/Round02/data/train/undefined/pool_b8a403.jpg,pool_b8a403.jpg,1,1.0,1,0.9678987264633179,1,0.974060595035553,1,0.9763418436050415,0.9678987264633179,0.9727670550346375,scratch_consensus
5006,/home/h3r0-k1ll3r/Downloads/hackBlox/Round02/data/train/undefined/pool_b90b88.jpg,pool_b90b88.jpg,5,1.0,5,0.9430404305458069,5,0.9052689075469971,5,0.9301157593727112,0.9052689075469971,0.9261416991551717,scratch_consensus
5033,/home/h3r0-k1ll3r/Downloads/hackBlox/Round02/data/train/undefined/pool_ba7e66.jpg,pool_ba7e66.jpg,3,1.0,3,0.9397192597389221,3,0.9415430426597595,3,0.9762810468673706,0.9397192597389221,0.9525144497553507,scratch_consensus
5051,/home/h3r0-k1ll3r/Downloads/hackBlox/Round02/data/train/undefined/pool_bb4c62.jpg,pool_bb4c62.jpg,5,1.0,5,0.9682098627090454,5,0.9371236562728882,5,0.954839289188385,0.9371236562728882,0.9533909360567728,scratch_consensus
5064,/home/h3r0-k1ll3r/Downloads/hackBlox/Round02/data/train/undefined/pool_bbdeb9.jpg,pool_bbdeb9.jpg,2,1.0,2,0.9337047338485718,2,0.9336823225021362,2,0.9298698306083679,0.9298698306083679,0.932418962319692,scratch_consensus
5082,/home/h3r0-k1ll3r/Downloads/hackBlox/Round02/data/train/undefined/pool_bcd133.jpg,pool_bcd133.jpg,1,1.0,1,0.9589623808860779,1,0.9335764050483704,1,0.9180399775505066,0.9180399775505066,0.9368595878283182,scratch_consensus
5095,/home/h3r0-k1ll3r/Downloads/hackBlox/Round02/data/train/undefined/pool_bdab61.jpg,pool_bdab61.jpg,1,1.0,1,0.9112629890441895,1,0.9132910966873169,1,0.9316654801368713,0.9112629890441895,0.9187398552894592,scratch_consensus
5102,/home/h3r0-k1ll3r/Downloads/hackBlox/Round02/data/train/undefined/pool_bdf567.jpg,pool_bdf567.jpg,0,1.0,0,0.947849452495575,0,0.9588044285774231,0,0.9298787117004395,0.9298787117004395,0.9455108642578125,scratch_consensus
5123,/home/h3r0-k1ll3r/Downloads/hackBlox/Round02/data/train/undefined/pool_be995c.jpg,pool_be995c.jpg,3,1.0,3,0.9134582877159119,3,0.9062383770942688,3,0.9351780414581299,0.9062383770942688,0.9182915687561035,scratch_consensus
5130,/home/h3r0-k1ll3r/Downloads/hackBlox/Round02/data/train/undefined/pool_befa27.jpg,pool_befa27.jpg,5,1.0,5,0.9440906643867493,5,0.9589740037918091,5,0.9250351190567017,0.9250351190567017,0.94269992907842,scratch_consensus
5135,/home/h3r0-k1ll3r/Downloads/hackBlox/Round02/data/train/undefined/pool_bf2d6f.jpg,pool_bf2d6f.jpg,5,1.0,5,0.918503999710083,5,0.9528693556785583,5,0.9224105477333069,0.918503999710083,0.9312613010406494,scratch_consensus
5154,/home/h3r0-k1ll3r/Downloads/hackBlox/Round02/data/train/undefined/pool_c012e2.jpg,pool_c012e2.jpg,1,1.0,1,0.921963632106781,1,0.9297013878822327,1,0.9266213774681091,0.921963632106781,0.9260954658190409,scratch_consensus
5167,/home/h3r0-k1ll3r/Downloads/hackBlox/Round02/data/train/undefined/pool_c09fb4.jpg,pool_c09fb4.jpg,1,1.0,1,0.9343212246894836,1,0.9207779169082642,1,0.9218286275863647,0.9207779169082642,0.9256425897280375,scratch_consensus
5175,/home/h3r0-k1ll3r/Downloads/hackBlox/Round02/data/train/undefined/pool_c15ad7.jpg,pool_c15ad7.jpg,5,1.0,5,0.9132253527641296,5,0.9131479263305664,5,0.904639482498169,0.904639482498169,0.9103375871976217,scratch_consensus
5187,/home/h3r0-k1ll3r/Downloads/hackBlox/Round02/data/train/undefined/pool_c1e5f9.jpg,pool_c1e5f9.jpg,1,1.0,1,0.9264878630638123,1,0.9233070015907288,1,0.9208662509918213,0.9208662509918213,0.9235537052154541,scratch_consensus
5196,/home/h3r0-k1ll3r/Downloads/hackBlox/Round02/data/train/undefined/pool_c226a4.jpg,pool_c226a4.jpg,0,1.0,0,0.9088767766952515,0,0.9203932881355286,0,0.9442923665046692,0.9088767766952515,0.9245208104451498,scratch_consensus
5207,/home/h3r0-k1ll3r/Downloads/hackBlox/Round02/data/train/undefined/pool_c2a4a7.jpg,pool_c2a4a7.jpg,1,1.0,1,0.9111307859420776,1,0.910620927810669,1,0.9161531329154968,0.910620927810669,0.9126349488894144,scratch_consensus
5216,/home/h3r0-k1ll3r/Downloads/hackBlox/Round02/data/train/undefined/pool_c33465.jpg,pool_c33465.jpg,1,1.0,1,0.963911235332489,1,0.9372175931930542,1,0.9210374355316162,0.9210374355316162,0.9407220880190531,scratch_consensus
5227,/home/h3r0-k1ll3r/Downloads/hackBlox/Round02/data/train/undefined/pool_c39159.jpg,pool_c39159.jpg,5,1.0,5,0.9503609538078308,5,0.947365939617157,5,0.9483904242515564,0.947365939617157,0.948705772558848,scratch_consensus
5229,/home/h3r0-k1ll3r/Downloads/hackBlox/Round02/data/train/undefined/pool_c3b4d6.jpg,pool_c3b4d6.jpg,1,1.0,1,0.9473979473114014,1,0.9330417513847351,1,0.9233201146125793,0.9233201146125793,0.9345866044362386,scratch_consensus
5232,/home/h3r0-k1ll3r/Downloads/hackBlox/Round02/data/train/undefined/pool_c3eded.jpg,pool_c3eded.jpg,5,1.0,5,0.9260794520378113,5,0.9736766815185547,5,0.9160810112953186,0.9160810112953186,0.9386123816172282,scratch_consensus
5238,/home/h3r0-k1ll3r/Downloads/hackBlox/Round02/data/train/undefined/pool_c4168f.jpg,pool_c4168f.jpg,1,1.0,1,0.9414994716644287,1,0.9452371001243591,1,0.9225689172744751,0.9225689172744751,0.9364351630210876,scratch_consensus
5244,/home/h3r0-k1ll3r/Downloads/hackBlox/Round02/data/train/undefined/pool_c4296d.jpg,pool_c4296d.jpg,1,1.0,1,0.9697471857070923,1,0.9730442762374878,1,0.9549708366394043,0.9549708366394043,0.9659207661946615,scratch_consensus
5250,/home/h3r0-k1ll3r/Downloads/hackBlox/Round02/data/train/undefined/pool_c470b6.jpg,pool_c470b6.jpg,1,1.0,1,0.9620708227157593,1,0.9518094658851624,1,0.9570657014846802,0.9518094658851624,0.9569819966952006,scratch_consensus
5251,/home/h3r0-k1ll3r/Downloads/hackBlox/Round02/data/train/undefined/pool_c47430.jpg,pool_c47430.jpg,1,1.0,1,0.9455579519271851,1,0.9104965925216675,1,0.9393965005874634,0.9104965925216675,0.9318170150121053,scratch_consensus
5279,/home/h3r0-k1ll3r/Downloads/hackBlox/Round02/data/train/undefined/pool_c5b17d.jpg,pool_c5b17d.jpg,1,1.0,1,0.9516788125038147,1,0.9550037980079651,1,0.9344303011894226,0.9344303011894226,0.9470376372337341,scratch_consensus
5300,/home/h3r0-k1ll3r/Downloads/hackBlox/Round02/data/train/undefined/pool_c678ad.jpg,pool_c678ad.jpg,1,1.0,1,0.9509246945381165,1,0.9249895215034485,1,0.9520938992500305,0.9249895215034485,0.9426693717638651,scratch_consensus
5301,/home/h3r0-k1ll3r/Downloads/hackBlox/Round02/data/train/undefined/pool_c67d26.jpg,pool_c67d26.jpg,1,1.0,1,0.9651017189025879,1,0.9431986808776855,1,0.9340978860855103,0.9340978860855103,0.9474660952885946,scratch_consensus
5312,/home/h3r0-k1ll3r/Downloads/hackBlox/Round02/data/train/undefined/pool_c6e7ce.jpg,pool_c6e7ce.jpg,1,1.0,1,0.9382169246673584,1,0.9624529480934143,1,0.9461352229118347,0.9382169246673584,0.9489350318908691,scratch_consensus
5314,/home/h3r0-k1ll3r/Downloads/hackBlox/Round02/data/train/undefined/pool_c700ac.jpg,pool_c700ac.jpg,5,1.0,5,0.9196539521217346,5,0.9406552910804749,5,0.9318965077400208,0.9196539521217346,0.9307352503140768,scratch_consensus
5327,/home/h3r0-k1ll3r/Downloads/hackBlox/Round02/data/train/undefined/pool_c7c61e.jpg,pool_c7c61e.jpg,1,1.0,1,0.9379257559776306,1,0.9228762984275818,1,0.90842604637146,0.90842604637146,0.9230760335922241,scratch_consensus
5336,/home/h3r0-k1ll3r/Downloads/hackBlox/Round02/data/train/undefined/pool_c7fd4a.jpg,pool_c7fd4a.jpg,4,1.0,4,0.9557759165763855,4,0.9631266593933105,4,0.9512534141540527,0.9512534141540527,0.9567186633745829,scratch_consensus
5337,/home/h3r0-k1ll3r/Downloads/hackBlox/Round02/data/train/undefined/pool_c805f7.jpg,pool_c805f7.jpg,5,1.0,5,0.9062449932098389,5,0.9501988291740417,5,0.9285098314285278,0.9062449932098389,0.9283178846041361,scratch_consensus
5338,/home/h3r0-k1ll3r/Downloads/hackBlox/Round02/data/train/undefined/pool_c81ca2.jpg,pool_c81ca2.jpg,1,1.0,1,0.9145641326904297,1,0.9467676877975464,1,0.9241257309913635,0.9145641326904297,0.9284858504931132,scratch_consensus
5357,/home/h3r0-k1ll3r/Downloads/hackBlox/Round02/data/train/undefined/pool_c9150f.jpg,pool_c9150f.jpg,0,1.0,0,0.9560778737068176,0,0.971111536026001,0,0.9184173345565796,0.9184173345565796,0.9485355814297994,scratch_consensus
5366,/home/h3r0-k1ll3r/Downloads/hackBlox/Round02/data/train/undefined/pool_c9a82b.jpg,pool_c9a82b.jpg,3,1.0,3,0.9350796341896057,3,0.9317818284034729,3,0.9778173565864563,0.9317818284034729,0.948226273059845,scratch_consensus
5382,/home/h3r0-k1ll3r/Downloads/hackBlox/Round02/data/train/undefined/pool_ca2a4d.jpg,pool_ca2a4d.jpg,1,1.0,1,0.9575047492980957,1,0.9371972680091858,1,0.9574723839759827,0.9371972680091858,0.9507248004277548,scratch_consensus
5396,/home/h3r0-k1ll3r/Downloads/hackBlox/Round02/data/train/undefined/pool_cae614.jpg,pool_cae614.jpg,4,1.0,4,0.9766097664833069,4,0.9917084574699402,4,0.9856070280075073,0.9766097664833069,0.9846417506535848,scratch_consensus
5402,/home/h3r0-k1ll3r/Downloads/hackBlox/Round02/data/train/undefined/pool_cb2a0b.jpg,pool_cb2a0b.jpg,1,1.0,1,0.9337725043296814,1,0.9305943250656128,1,0.940667450428009,0.9305943250656128,0.9350114266077677,scratch_consensus
5423,/home/h3r0-k1ll3r/Downloads/hackBlox/Round02/data/train/undefined/pool_cc0496.jpg,pool_cc0496.jpg,1,1.0,1,0.9367183446884155,1,0.9284695386886597,1,0.9252174496650696,0.9252174496650696,0.9301351110140482,scratch_consensus
5434,/home/h3r0-k1ll3r/Downloads/hackBlox/Round02/data/train/undefined/pool_cc74bf.jpg,pool_cc74bf.jpg,1,1.0,1,0.9604198932647705,1,0.957027018070221,1,0.9420573115348816,0.9420573115348816,0.9531680742899576,scratch_consensus
5446,/home/h3r0-k1ll3r/Downloads/hackBlox/Round02/data/train/undefined/pool_ccc7c8.jpg,pool_ccc7c8.jpg,1,1.0,1,0.9184017181396484,1,0.9426528215408325,1,0.9512266516685486,0.9184017181396484,0.9374270637830099,scratch_consensus
5453,/home/h3r0-k1ll3r/Downloads/hackBlox/Round02/data/train/undefined/pool_cd018f.jpg,pool_cd018f.jpg,4,1.0,4,0.9031842350959778,4,0.9737512469291687,4,0.9307221174240112,0.9031842350959778,0.9358858664830526,scratch_consensus
5468,/home/h3r0-k1ll3r/Downloads/hackBlox/Round02/data/train/undefined/pool_ce1bbb.jpg,pool_ce1bbb.jpg,3,1.0,3,0.9279390573501587,3,0.9006699919700623,3,0.9542184472084045,0.9006699919700623,0.9276091655095419,scratch_consensus
5482,/home/h3r0-k1ll3r/Downloads/hackBlox/Round02/data/train/undefined/pool_cef429.jpg,pool_cef429.jpg,2,1.0,2,0.9472522139549255,2,0.9191169142723083,2,0.9792079329490662,0.9191169142723083,0.9485256870587667,scratch_consensus
5550,/home/h3r0-k1ll3r/Downloads/hackBlox/Round02/data/train/undefined/pool_d1eb55.jpg,pool_d1eb55.jpg,5,1.0,5,0.9478703737258911,5,0.9581922292709351,5,0.9501320719718933,0.9478703737258911,0.9520648916562399,scratch_consensus
5555,/home/h3r0-k1ll3r/Downloads/hackBlox/Round02/data/train/undefined/pool_d22869.jpg,pool_d22869.jpg,1,1.0,1,0.9210017323493958,1,0.9185120463371277,1,0.926133930683136,0.9185120463371277,0.9218825697898865,scratch_consensus
5556,/home/h3r0-k1ll3r/Downloads/hackBlox/Round02/data/train/undefined/pool_d232ad.jpg,pool_d232ad.jpg,1,1.0,1,0.9268865585327148,1,0.9594849348068237,1,0.9314673542976379,0.9268865585327148,0.9392796158790588,scratch_consensus
5559,/home/h3r0-k1ll3r/Downloads/hackBlox/Round02/data/train/undefined/pool_d2412d.jpg,pool_d2412d.jpg,1,1.0,1,0.958209216594696,1,0.94456946849823,1,0.9437769055366516,0.9437769055366516,0.9488518635431925,scratch_consensus
5563,/home/h3r0-k1ll3r/Downloads/hackBlox/Round02/data/train/undefined/pool_d25df0.jpg,pool_d25df0.jpg,5,1.0,5,0.9439877867698669,5,0.9491429328918457,5,0.9270281195640564,0.9270281195640564,0.9400529464085897,scratch_consensus
5566,/home/h3r0-k1ll3r/Downloads/hackBlox/Round02/data/train/undefined/pool_d2ab34.jpg,pool_d2ab34.jpg,1,1.0,1,0.9365396499633789,1,0.9375923871994019,1,0.9351850748062134,0.9351850748062134,0.936439037322998,scratch_consensus
5586,/home/h3r0-k1ll3r/Downloads/hackBlox/Round02/data/train/undefined/pool_d36c5d.jpg,pool_d36c5d.jpg,2,1.0,2,0.9639288187026978,2,0.9074580073356628,2,0.9827651381492615,0.9074580073356628,0.9513839880625407,scratch_consensus
5617,/home/h3r0-k1ll3r/Downloads/hackBlox/Round02/data/train/undefined/pool_d46406.jpg,pool_d46406.jpg,3,1.0,3,0.9002395868301392,3,0.9168938994407654,3,0.9538806676864624,0.9002395868301392,0.9236713846524557,scratch_consensus
5633,/home/h3r0-k1ll3r/Downloads/hackBlox/Round02/data/train/undefined/pool_d51446.jpg,pool_d51446.jpg,1,1.0,1,0.9234021306037903,1,0.9391859769821167,1,0.9250306487083435,0.9234021306037903,0.9292062520980835,scratch_consensus
5647,/home/h3r0-k1ll3r/Downloads/hackBlox/Round02/data/train/undefined/pool_d5b5fa.jpg,pool_d5b5fa.jpg,1,1.0,1,0.9453209638595581,1,0.957099199295044,1,0.954098641872406,0.9453209638595581,0.9521729350090027,scratch_consensus
5665,/home/h3r0-k1ll3r/Downloads/hackBlox/Round02/data/train/undefined/pool_d6aa39.jpg,pool_d6aa39.jpg,1,1.0,1,0.9248612523078918,1,0.9208160042762756,1,0.9401060938835144,0.9208160042762756,0.9285944501558939,scratch_consensus
5669,/home/h3r0-k1ll3r/Downloads/hackBlox/Round02/data/train/undefined/pool_d6cd1d.jpg,pool_d6cd1d.jpg,5,1.0,5,0.9687652587890625,5,0.9606598615646362,5,0.9040951728820801,0.9040951728820801,0.9445067644119263,scratch_consensus
5674,/home/h3r0-k1ll3r/Downloads/hackBlox/Round02/data/train/undefined/pool_d736ee.jpg,pool_d736ee.jpg,1,1.0,1,0.9021893739700317,1,0.9276483654975891,1,0.9314553737640381,0.9021893739700317,0.9204310377438863,scratch_consensus
5679,/home/h3r0-k1ll3r/Downloads/hackBlox/Round02/data/train/undefined/pool_d75b37.jpg,pool_d75b37.jpg,5,1.0,5,0.9562145471572876,5,0.9629871249198914,5,0.9544562101364136,0.9544562101364136,0.9578859607378641,scratch_consensus
5684,/home/h3r0-k1ll3r/Downloads/hackBlox/Round02/data/train/undefined/pool_d78d3d.jpg,pool_d78d3d.jpg,1,1.0,1,0.9384580254554749,1,0.9598216414451599,1,0.9278506636619568,0.9278506636619568,0.9420434435208639,scratch_consensus
5693,/home/h3r0-k1ll3r/Downloads/hackBlox/Round02/data/train/undefined/pool_d7eb8d.jpg,pool_d7eb8d.jpg,1,1.0,1,0.9274911284446716,1,0.9603614211082458,1,0.9459612965583801,0.9274911284446716,0.9446046153704325,scratch_consensus
5705,/home/h3r0-k1ll3r/Downloads/hackBlox/Round02/data/train/undefined/pool_d8996b.jpg,pool_d8996b.jpg,4,1.0,4,0.9466903209686279,4,0.9813427329063416,4,0.9473524689674377,0.9466903209686279,0.9584618409474691,scratch_consensus
5727,/home/h3r0-k1ll3r/Downloads/hackBlox/Round02/data/train/undefined/pool_d9c8ac.jpg,pool_d9c8ac.jpg,3,1.0,3,0.9301633834838867,3,0.9311509728431702,3,0.9745440483093262,0.9301633834838867,0.9452861348787943,scratch_consensus
5733,/home/h3r0-k1ll3r/Downloads/hackBlox/Round02/data/train/undefined/pool_da0ef5.jpg,pool_da0ef5.jpg,1,1.0,1,0.9425196647644043,1,0.924697995185852,1,0.9199581742286682,0.9199581742286682,0.9290586113929749,scratch_consensus
5734,/home/h3r0-k1ll3r/Downloads/hackBlox/Round02/data/train/undefined/pool_da1042.jpg,pool_da1042.jpg,2,1.0,2,0.9453988075256348,2,0.9192841053009033,2,0.9400856494903564,0.9192841053009033,0.9349228541056315,scratch_consensus
5738,/home/h3r0-k1ll3r/Downloads/hackBlox/Round02/data/train/undefined/pool_da474a.jpg,pool_da474a.jpg,1,1.0,1,0.9337952733039856,1,0.9324312210083008,1,0.9456114172935486,0.9324312210083008,0.9372793038686117,scratch_consensus
5762,/home/h3r0-k1ll3r/Downloads/hackBlox/Round02/data/train/undefined/pool_db242e.jpg,pool_db242e.jpg,5,1.0,5,0.9201478362083435,5,0.914770245552063,5,0.9175757765769958,0.914770245552063,0.9174979527791342,scratch_consensus
5766,/home/h3r0-k1ll3r/Downloads/hackBlox/Round02/data/train/undefined/pool_db4475.jpg,pool_db4475.jpg,2,1.0,2,0.9295507669448853,2,0.9145641326904297,2,0.9538679122924805,0.9145641326904297,0.9326609373092651,scratch_consensus
5781,/home/h3r0-k1ll3r/Downloads/hackBlox/Round02/data/train/undefined/pool_dbf33e.jpg,pool_dbf33e.jpg,1,1.0,1,0.9517783522605896,1,0.9346328973770142,1,0.9509584307670593,0.9346328973770142,0.9457898934682211,scratch_consensus
5789,/home/h3r0-k1ll3r/Downloads/hackBlox/Round02/data/train/undefined/pool_dc2203.jpg,pool_dc2203.jpg,1,1.0,1,0.9431419372558594,1,0.9244694709777832,1,0.9114412069320679,0.9114412069320679,0.9263508717219034,scratch_consensus
5805,/home/h3r0-k1ll3r/Downloads/hackBlox/Round02/data/train/undefined/pool_dce48d.jpg,pool_dce48d.jpg,5,1.0,5,0.9866950511932373,5,0.9762325286865234,5,0.9732478260993958,0.9732478260993958,0.9787251353263855,scratch_consensus
5823,/home/h3r0-k1ll3r/Downloads/hackBlox/Round02/data/train/undefined/pool_de0d87.jpg,pool_de0d87.jpg,1,1.0,1,0.9318302273750305,1,0.9422854781150818,1,0.9320687055587769,0.9318302273750305,0.935394803682963,scratch_consensus
5828,/home/h3r0-k1ll3r/Downloads/hackBlox/Round02/data/train/undefined/pool_de3ae1.jpg,pool_de3ae1.jpg,1,1.0,1,0.920172393321991,1,0.9204614758491516,1,0.9264710545539856,0.920172393321991,0.9223683079083761,scratch_consensus
5856,/home/h3r0-k1ll3r/Downloads/hackBlox/Round02/data/train/undefined/pool_dfa66e.jpg,pool_dfa66e.jpg,1,1.0,1,0.9249821901321411,1,0.9497820734977722,1,0.9215322732925415,0.9215322732925415,0.9320988456408182,scratch_consensus
5874,/home/h3r0-k1ll3r/Downloads/hackBlox/Round02/data/train/undefined/pool_e0d021.jpg,pool_e0d021.jpg,1,1.0,1,0.959662675857544,1,0.9685821533203125,1,0.9472945928573608,0.9472945928573608,0.9585131406784058,scratch_consensus
5875,/home/h3r0-k1ll3r/Downloads/hackBlox/Round02/data/train/undefined/pool_e0d081.jpg,pool_e0d081.jpg,0,1.0,0,0.9705201983451843,0,0.9446958303451538,0,0.9550654292106628,0.9446958303451538,0.9567604859670004,scratch_consensus
5879,/home/h3r0-k1ll3r/Downloads/hackBlox/Round02/data/train/undefined/pool_e109dc.jpg,pool_e109dc.jpg,3,1.0,3,0.9054034948348999,3,0.9071812629699707,3,0.9085221886634827,0.9054034948348999,0.9070356488227844,scratch_consensus
5890,/home/h3r0-k1ll3r/Downloads/hackBlox/Round02/data/train/undefined/pool_e17f3e.jpg,pool_e17f3e.jpg,1,1.0,1,0.9568151831626892,1,0.9088230133056641,1,0.9341425895690918,0.9088230133056641,0.9332602620124817,scratch_consensus
5932,/home/h3r0-k1ll3r/Downloads/hackBlox/Round02/data/train/undefined/pool_e3ad9a.jpg,pool_e3ad9a.jpg,1,1.0,1,0.9223824143409729,1,0.9232835173606873,1,0.9240774512290955,0.9223824143409729,0.9232477943102518,scratch_consensus
5934,/home/h3r0-k1ll3r/Downloads/hackBlox/Round02/data/train/undefined/pool_e3b904.jpg,pool_e3b904.jpg,1,1.0,1,0.9061928391456604,1,0.9058224558830261,1,0.9175162315368652,0.9058224558830261,0.9098438421885172,scratch_consensus
5938,/home/h3r0-k1ll3r/Downloads/hackBlox/Round02/data/train/undefined/pool_e3cab9.jpg,pool_e3cab9.jpg,1,1.0,1,0.9655788540840149,1,0.9546175599098206,1,0.9504382610321045,0.9504382610321045,0.9568782250086466,scratch_consensus
5962,/home/h3r0-k1ll3r/Downloads/hackBlox/Round02/data/train/undefined/pool_e48a39.jpg,pool_e48a39.jpg,3,1.0,3,0.9026831388473511,3,0.901396632194519,3,0.9367693066596985,0.901396632194519,0.9136163592338562,scratch_consensus
5968,/home/h3r0-k1ll3r/Downloads/hackBlox/Round02/data/train/undefined/pool_e4a97d.jpg,pool_e4a97d.jpg,3,1.0,3,0.9578904509544373,3,0.9411515593528748,3,0.9862155914306641,0.9411515593528748,0.9617525339126587,scratch_consensus
5979,/home/h3r0-k1ll3r/Downloads/hackBlox/Round02/data/train/undefined/pool_e5140f.jpg,pool_e5140f.jpg,5,1.0,5,0.9324517250061035,5,0.9059495329856873,5,0.9240221977233887,0.9059495329856873,0.9208078185717264,scratch_consensus
5990,/home/h3r0-k1ll3r/Downloads/hackBlox/Round02/data/train/undefined/pool_e594b0.jpg,pool_e594b0.jpg,1,1.0,1,0.9011760354042053,1,0.964553952217102,1,0.9758431315422058,0.9011760354042053,0.947191039721171,scratch_consensus
6000,/home/h3r0-k1ll3r/Downloads/hackBlox/Round02/data/train/undefined/pool_e5f2d2.jpg,pool_e5f2d2.jpg,1,1.0,1,0.9582007527351379,1,0.9593397974967957,1,0.9095330834388733,0.9095330834388733,0.9423578778902689,scratch_consensus
6007,/home/h3r0-k1ll3r/Downloads/hackBlox/Round02/data/train/undefined/pool_e65425.jpg,pool_e65425.jpg,1,1.0,1,0.9651088118553162,1,0.9699242115020752,1,0.9509626626968384,0.9509626626968384,0.9619985620180765,scratch_consensus
6018,/home/h3r0-k1ll3r/Downloads/hackBlox/Round02/data/train/undefined/pool_e6c63c.jpg,pool_e6c63c.jpg,1,1.0,1,0.9645753502845764,1,0.937041163444519,1,0.9412862062454224,0.937041163444519,0.947634239991506,scratch_consensus
6022,/home/h3r0-k1ll3r/Downloads/hackBlox/Round02/data/train/undefined/pool_e6e48c.jpg,pool_e6e48c.jpg,1,1.0,1,0.9477150440216064,1,0.945662796497345,1,0.9408130645751953,0.9408130645751953,0.944730301698049,scratch_consensus
6031,/home/h3r0-k1ll3r/Downloads/hackBlox/Round02/data/train/undefined/pool_e7319e.jpg,pool_e7319e.jpg,1,1.0,1,0.9121259450912476,1,0.9202189445495605,1,0.9411433339118958,0.9121259450912476,0.924496074517568,scratch_consensus
6032,/home/h3r0-k1ll3r/Downloads/hackBlox/Round02/data/train/undefined/pool_e73cef.jpg,pool_e73cef.jpg,1,1.0,1,0.9597398638725281,1,0.9426797032356262,1,0.9101789593696594,0.9101789593696594,0.9375328421592712,scratch_consensus
6042,/home/h3r0-k1ll3r/Downloads/hackBlox/Round02/data/train/undefined/pool_e7a036.jpg,pool_e7a036.jpg,1,1.0,1,0.9396576881408691,1,0.9366081357002258,1,0.9371978044509888,0.9366081357002258,0.9378212094306946,scratch_consensus
6082,/home/h3r0-k1ll3r/Downloads/hackBlox/Round02/data/train/undefined/pool_e9af7d.jpg,pool_e9af7d.jpg,1,1.0,1,0.9373028874397278,1,0.9105550646781921,1,0.9482536911964417,0.9105550646781921,0.9320372144381205,scratch_consensus
6083,/home/h3r0-k1ll3r/Downloads/hackBlox/Round02/data/train/undefined/pool_e9b226.jpg,pool_e9b226.jpg,1,1.0,1,0.94837486743927,1,0.9290449619293213,1,0.9386581778526306,0.9290449619293213,0.9386926690737406,scratch_consensus
6112,/home/h3r0-k1ll3r/Downloads/hackBlox/Round02/data/train/undefined/pool_eb3003.jpg,pool_eb3003.jpg,1,1.0,1,0.9242082834243774,1,0.955428957939148,1,0.9296956658363342,0.9242082834243774,0.9364443023999532,scratch_consensus
6124,/home/h3r0-k1ll3r/Downloads/hackBlox/Round02/data/train/undefined/pool_eb75cb.jpg,pool_eb75cb.jpg,1,1.0,1,0.9723169207572937,1,0.9650306701660156,1,0.9716612100601196,0.9650306701660156,0.9696696003278097,scratch_consensus
6139,/home/h3r0-k1ll3r/Downloads/hackBlox/Round02/data/train/undefined/pool_ebe6ad.jpg,pool_ebe6ad.jpg,1,1.0,1,0.9065213799476624,1,0.9107483625411987,1,0.9269402623176575,0.9065213799476624,0.9147366682688395,scratch_consensus
6142,/home/h3r0-k1ll3r/Downloads/hackBlox/Round02/data/train/undefined/pool_ec0ade.jpg,pool_ec0ade.jpg,1,1.0,1,0.9236316084861755,1,0.9161775708198547,1,0.9299117922782898,0.9161775708198547,0.9232403238614401,scratch_consensus
6153,/home/h3r0-k1ll3r/Downloads/hackBlox/Round02/data/train/undefined/pool_ec70cb.jpg,pool_ec70cb.jpg,1,1.0,1,0.963551938533783,1,0.9587046504020691,1,0.9145609140396118,0.9145609140396118,0.9456058343251547,scratch_consensus
6156,/home/h3r0-k1ll3r/Downloads/hackBlox/Round02/data/train/undefined/pool_ec8b15.jpg,pool_ec8b15.jpg,1,1.0,1,0.9204645156860352,1,0.957037627696991,1,0.9660136103630066,0.9204645156860352,0.9478385845820109,scratch_consensus
6186,/home/h3r0-k1ll3r/Downloads/hackBlox/Round02/data/train/undefined/pool_ee0c22.jpg,pool_ee0c22.jpg,1,1.0,1,0.946861207485199,1,0.9496630430221558,1,0.9505948424339294,0.946861207485199,0.9490396976470947,scratch_consensus
6187,/home/h3r0-k1ll3r/Downloads/hackBlox/Round02/data/train/undefined/pool_ee166b.jpg,pool_ee166b.jpg,1,1.0,1,0.9588273763656616,1,0.9437815546989441,1,0.9570355415344238,0.9437815546989441,0.9532148241996765,scratch_consensus
6195,/home/h3r0-k1ll3r/Downloads/hackBlox/Round02/data/train/undefined/pool_ee5648.jpg,pool_ee5648.jpg,1,1.0,1,0.9581207633018494,1,0.9537478089332581,1,0.9523151516914368,0.9523151516914368,0.9547279079755148,scratch_consensus
6198,/home/h3r0-k1ll3r/Downloads/hackBlox/Round02/data/train/undefined/pool_ee79e5.jpg,pool_ee79e5.jpg,1,1.0,1,0.9255739450454712,1,0.9309447407722473,1,0.9264457821846008,0.9255739450454712,0.9276548226674398,scratch_consensus
6200,/home/h3r0-k1ll3r/Downloads/hackBlox/Round02/data/train/undefined/pool_eec747.jpg,pool_eec747.jpg,1,1.0,1,0.9387398958206177,1,0.928164005279541,1,0.9198970198631287,0.9198970198631287,0.9289336403210958,scratch_consensus
6202,/home/h3r0-k1ll3r/Downloads/hackBlox/Round02/data/train/undefined/pool_eedec9.jpg,pool_eedec9.jpg,3,1.0,3,0.9133262038230896,3,0.9265820980072021,3,0.9657931327819824,0.9133262038230896,0.9352338115374247,scratch_consensus
6212,/home/h3r0-k1ll3r/Downloads/hackBlox/Round02/data/train/undefined/pool_ef27b2.jpg,pool_ef27b2.jpg,1,1.0,1,0.9583418965339661,1,0.9089246988296509,1,0.9050325155258179,0.9050325155258179,0.9240997036298116,scratch_consensus
6214,/home/h3r0-k1ll3r/Downloads/hackBlox/Round02/data/train/undefined/pool_ef40a2.jpg,pool_ef40a2.jpg,1,1.0,1,0.9358900189399719,1,0.9260543584823608,1,0.9092344641685486,0.9092344641685486,0.9237262805302938,scratch_consensus
6219,/home/h3r0-k1ll3r/Downloads/hackBlox/Round02/data/train/undefined/pool_ef5e9e.jpg,pool_ef5e9e.jpg,1,1.0,1,0.940926194190979,1,0.9599188566207886,1,0.9651152491569519,0.940926194190979,0.9553200999895731,scratch_consensus
6233,/home/h3r0-k1ll3r/Downloads/hackBlox/Round02/data/train/undefined/pool_efe4c3.jpg,pool_efe4c3.jpg,1,1.0,1,0.9742368459701538,1,0.9361932277679443,1,0.9292554259300232,0.9292554259300232,0.9465618332227071,scratch_consensus
6261,/home/h3r0-k1ll3r/Downloads/hackBlox/Round02/data/train/undefined/pool_f16cde.jpg,pool_f16cde.jpg,1,1.0,1,0.9304958581924438,1,0.9515321254730225,1,0.9274035692214966,0.9274035692214966,0.9364771842956543,scratch_consensus
6262,/home/h3r0-k1ll3r/Downloads/hackBlox/Round02/data/train/undefined/pool_f18195.jpg,pool_f18195.jpg,5,1.0,5,0.9670275449752808,5,0.9645399451255798,5,0.9568676352500916,0.9568676352500916,0.9628117084503174,scratch_consensus
6308,/home/h3r0-k1ll3r/Downloads/hackBlox/Round02/data/train/undefined/pool_f3c087.jpg,pool_f3c087.jpg,5,1.0,5,0.9693965315818787,5,0.9697684645652771,5,0.948574960231781,0.948574960231781,0.9625799854596456,scratch_consensus
6309,/home/h3r0-k1ll3r/Downloads/hackBlox/Round02/data/train/undefined/pool_f3cd9b.jpg,pool_f3cd9b.jpg,1,1.0,1,0.9672033786773682,1,0.9574498534202576,1,0.940659761428833,0.940659761428833,0.9551043311754862,scratch_consensus
6356,/home/h3r0-k1ll3r/Downloads/hackBlox/Round02/data/train/undefined/pool_f5c6d9.jpg,pool_f5c6d9.jpg,3,1.0,3,0.9473140239715576,3,0.9401043057441711,3,0.9652853608131409,0.9401043057441711,0.9509012301762899,scratch_consensus
6358,/home/h3r0-k1ll3r/Downloads/hackBlox/Round02/data/train/undefined/pool_f5e7cf.jpg,pool_f5e7cf.jpg,1,1.0,1,0.9333358407020569,1,0.9175595045089722,1,0.9299715161323547,0.9175595045089722,0.9269556204477946,scratch_consensus
6365,/home/h3r0-k1ll3r/Downloads/hackBlox/Round02/data/train/undefined/pool_f633cb.jpg,pool_f633cb.jpg,1,1.0,1,0.9712844491004944,1,0.9664557576179504,1,0.9602379202842712,0.9602379202842712,0.9659927090009054,scratch_consensus
6376,/home/h3r0-k1ll3r/Downloads/hackBlox/Round02/data/train/undefined/pool_f69df2.jpg,pool_f69df2.jpg,1,1.0,1,0.9455525279045105,1,0.9425637125968933,1,0.9416481852531433,0.9416481852531433,0.943254808584849,scratch_consensus
6389,/home/h3r0-k1ll3r/Downloads/hackBlox/Round02/data/train/undefined/pool_f7436b.jpg,pool_f7436b.jpg,5,1.0,5,0.9052672982215881,5,0.9157175421714783,5,0.9262465834617615,0.9052672982215881,0.9157438079516093,scratch_consensus
6391,/home/h3r0-k1ll3r/Downloads/hackBlox/Round02/data/train/undefined/pool_f7637f.jpg,pool_f7637f.jpg,1,1.0,1,0.9182154536247253,1,0.9075937867164612,1,0.9485081434249878,0.9075937867164612,0.9247724612553915,scratch_consensus
6393,/home/h3r0-k1ll3r/Downloads/hackBlox/Round02/data/train/undefined/pool_f76784.jpg,pool_f76784.jpg,1,1.0,1,0.9649161100387573,1,0.972753643989563,1,0.9600585699081421,0.9600585699081421,0.9659094413121542,scratch_consensus
6455,/home/h3r0-k1ll3r/Downloads/hackBlox/Round02/data/train/undefined/pool_fa44e3.jpg,pool_fa44e3.jpg,5,1.0,5,0.9787429571151733,5,0.9768334627151489,5,0.9662811160087585,0.9662811160087585,0.9739525119463602,scratch_consensus
6463,/home/h3r0-k1ll3r/Downloads/hackBlox/Round02/data/train/undefined/pool_fa9891.jpg,pool_fa9891.jpg,5,1.0,5,0.9213973879814148,5,0.9098526835441589,5,0.9322367906570435,0.9098526835441589,0.9211622873942057,scratch_consensus
6466,/home/h3r0-k1ll3r/Downloads/hackBlox/Round02/data/train/undefined/pool_faab66.jpg,pool_faab66.jpg,5,1.0,5,0.965962290763855,5,0.9465396404266357,5,0.9620257616043091,0.9465396404266357,0.9581758975982666,scratch_consensus
6484,/home/h3r0-k1ll3r/Downloads/hackBlox/Round02/data/train/undefined/pool_fb1b09.jpg,pool_fb1b09.jpg,1,1.0,1,0.9265257120132446,1,0.9192475080490112,1,0.9015572667121887,0.9015572667121887,0.9157768289248148,scratch_consensus
6488,/home/h3r0-k1ll3r/Downloads/hackBlox/Round02/data/train/undefined/pool_fb2c0f.jpg,pool_fb2c0f.jpg,1,1.0,1,0.9052908420562744,1,0.9187349677085876,1,0.9092976450920105,0.9052908420562744,0.9111078182856241,scratch_consensus
6494,/home/h3r0-k1ll3r/Downloads/hackBlox/Round02/data/train/undefined/pool_fb92a6.jpg,pool_fb92a6.jpg,2,1.0,2,0.9519561529159546,2,0.9193001389503479,2,0.9816395044326782,0.9193001389503479,0.9509652654329935,scratch_consensus
6516,/home/h3r0-k1ll3r/Downloads/hackBlox/Round02/data/train/undefined/pool_fcf79f.jpg,pool_fcf79f.jpg,1,1.0,1,0.9698524475097656,1,0.9620655179023743,1,0.9491680860519409,0.9491680860519409,0.9603620171546936,scratch_consensus
6522,/home/h3r0-k1ll3r/Downloads/hackBlox/Round02/data/train/undefined/pool_fd1ec3.jpg,pool_fd1ec3.jpg,1,1.0,1,0.940197229385376,1,0.9209808111190796,1,0.9305127859115601,0.9209808111190796,0.9305636088053385,scratch_consensus
6525,/home/h3r0-k1ll3r/Downloads/hackBlox/Round02/data/train/undefined/pool_fd2666.jpg,pool_fd2666.jpg,1,1.0,1,0.9049636125564575,1,0.9322402477264404,1,0.9133453965187073,0.9049636125564575,0.9168497522672018,scratch_consensus
6531,/home/h3r0-k1ll3r/Downloads/hackBlox/Round02/data/train/undefined/pool_fd5fac.jpg,pool_fd5fac.jpg,5,1.0,5,0.9459183216094971,5,0.9154135584831238,5,0.9379246830940247,0.9154135584831238,0.9330855210622152,scratch_consensus
6547,/home/h3r0-k1ll3r/Downloads/hackBlox/Round02/data/train/undefined/pool_fe20fc.jpg,pool_fe20fc.jpg,3,1.0,3,0.9247449040412903,3,0.9197231531143188,3,0.9702169299125671,0.9197231531143188,0.9382283290227255,scratch_consensus
6554,/home/h3r0-k1ll3r/Downloads/hackBlox/Round02/data/train/undefined/pool_fe8d59.jpg,pool_fe8d59.jpg,1,1.0,1,0.9188805222511292,1,0.9053934812545776,1,0.92927485704422,0.9053934812545776,0.917849620183309,scratch_consensus
6566,/home/h3r0-k1ll3r/Downloads/hackBlox/Round02/data/train/undefined/pool_feef45.jpg,pool_feef45.jpg,1,1.0,1,0.933478057384491,1,0.9198197722434998,1,0.9124022722244263,0.9124022722244263,0.9219000339508057,scratch_consensus
6594,/home/h3r0-k1ll3r/Downloads/hackBlox/Round02/data/train/undefined/pool_ffbe6a.jpg,pool_ffbe6a.jpg,5,1.0,5,0.9139565825462341,5,0.9018571376800537,5,0.9342122077941895,0.9018571376800537,0.9166753093401591,scratch_consensus
6598,/home/h3r0-k1ll3r/Downloads/hackBlox/Round02/data/train/undefined/pool_fff712.jpg,pool_fff712.jpg,1,1.0,1,0.93205326795578,1,0.9191179871559143,1,0.9174730181694031,0.9174730181694031,0.9228814244270325,scratch_consensus
