id,image,label,min_conf,source,weight
609,/home/h3r0-k1ll3r/Downloads/hackBlox/Round02/data/train/undefined/pool_003ca5.jpg,4,0.92808604,scratch_consensus_round2,1.0
621,/home/h3r0-k1ll3r/Downloads/hackBlox/Round02/data/train/undefined/pool_00c40a.jpg,5,0.91846186,scratch_consensus_round2,1.0
622,/home/h3r0-k1ll3r/Downloads/hackBlox/Round02/data/train/undefined/pool_00c9ab.jpg,4,0.9176333,scratch_consensus_round2,1.0
629,/home/h3r0-k1ll3r/Downloads/hackBlox/Round02/data/train/undefined/pool_012aae.jpg,0,0.90495044,scratch_consensus_round2,1.0
631,/home/h3r0-k1ll3r/Downloads/hackBlox/Round02/data/train/undefined/pool_0144aa.jpg,4,0.8629568,scratch_consensus_round2,1.0
645,/home/h3r0-k1ll3r/Downloads/hackBlox/Round02/data/train/undefined/pool_0209a7.jpg,2,0.85702485,scratch_consensus_round2,1.0
650,/home/h3r0-k1ll3r/Downloads/hackBlox/Round02/data/train/undefined/pool_0262bd.jpg,3,0.85771954,scratch_consensus_round2,1.0
655,/home/h3r0-k1ll3r/Downloads/hackBlox/Round02/data/train/undefined/pool_02b721.jpg,2,0.8715015,scratch_consensus_round2,1.0
656,/home/h3r0-k1ll3r/Downloads/hackBlox/Round02/data/train/undefined/pool_02ba3e.jpg,1,0.87771976,scratch_consensus_round2,1.0
671,/home/h3r0-k1ll3r/Downloads/hackBlox/Round02/data/train/undefined/pool_035ec6.jpg,0,0.9365161,scratch_consensus_round2,1.0
675,/home/h3r0-k1ll3r/Downloads/hackBlox/Round02/data/train/undefined/pool_03a14b.jpg,4,0.8791345,scratch_consensus_round2,1.0
689,/home/h3r0-k1ll3r/Downloads/hackBlox/Round02/data/train/undefined/pool_0498b6.jpg,5,0.92505836,scratch_consensus_round2,1.0
691,/home/h3r0-k1ll3r/Downloads/hackBlox/Round02/data/train/undefined/pool_04a2b5.jpg,5,0.88402,scratch_consensus_round2,1.0
693,/home/h3r0-k1ll3r/Downloads/hackBlox/Round02/data/train/undefined/pool_04a534.jpg,2,0.9165472,scratch_consensus_round2,1.0
705,/home/h3r0-k1ll3r/Downloads/hackBlox/Round02/data/train/undefined/pool_0535d3.jpg,5,0.9308154,scratch_consensus_round2,1.0
709,/home/h3r0-k1ll3r/Downloads/hackBlox/Round02/data/train/undefined/pool_055273.jpg,3,0.86555344,scratch_consensus_round2,1.0
710,/home/h3r0-k1ll3r/Downloads/hackBlox/Round02/data/train/undefined/pool_055c32.jpg,4,0.9001476,scratch_consensus_round2,1.0
725,/home/h3r0-k1ll3r/Downloads/hackBlox/Round02/data/train/undefined/pool_060933.jpg,3,0.89127463,scratch_consensus_round2,1.0
729,/home/h3r0-k1ll3r/Downloads/hackBlox/Round02/data/train/undefined/pool_06324e.jpg,3,0.86249256,scratch_consensus_round2,1.0
731,/home/h3r0-k1ll3r/Downloads/hackBlox/Round02/data/train/undefined/pool_0635f8.jpg,0,0.8618193,scratch_consensus_round2,1.0
734,/home/h3r0-k1ll3r/Downloads/hackBlox/Round02/data/train/undefined/pool_0653cf.jpg,1,0.90355253,scratch_consensus_round2,1.0
736,/home/h3r0-k1ll3r/Downloads/hackBlox/Round02/data/train/undefined/pool_0661b4.jpg,1,0.8767497,scratch_consensus_round2,1.0
737,/home/h3r0-k1ll3r/Downloads/hackBlox/Round02/data/train/undefined/pool_066f84.jpg,2,0.9673085,scratch_consensus_round2,1.0
741,/home/h3r0-k1ll3r/Downloads/hackBlox/Round02/data/train/undefined/pool_06a569.jpg,5,0.92475194,scratch_consensus_round2,1.0
750,/home/h3r0-k1ll3r/Downloads/hackBlox/Round02/data/train/undefined/pool_06fbce.jpg,2,0.86373234,scratch_consensus_round2,1.0
751,/home/h3r0-k1ll3r/Downloads/hackBlox/Round02/data/train/undefined/pool_06fee3.jpg,3,0.8670327,scratch_consensus_round2,1.0
763,/home/h3r0-k1ll3r/Downloads/hackBlox/Round02/data/train/undefined/pool_077659.jpg,4,0.89340687,scratch_consensus_round2,1.0
766,/home/h3r0-k1ll3r/Downloads/hackBlox/Round02/data/train/undefined/pool_0780c6.jpg,0,0.8641595,scratch_consensus_round2,1.0
775,/home/h3r0-k1ll3r/Downloads/hackBlox/Round02/data/train/undefined/pool_07da54.jpg,4,0.91149926,scratch_consensus_round2,1.0
782,/home/h3r0-k1ll3r/Downloads/hackBlox/Round02/data/train/undefined/pool_083b22.jpg,1,0.89159757,scratch_consensus_round2,1.0
786,/home/h3r0-k1ll3r/Downloads/hackBlox/Round02/data/train/undefined/pool_086a33.jpg,3,0.8642624,scratch_consensus_round2,1.0
789,/home/h3r0-k1ll3r/Downloads/hackBlox/Round02/data/train/undefined/pool_0875ce.jpg,0,0.8638993,scratch_consensus_round2,1.0
796,/home/h3r0-k1ll3r/Downloads/hackBlox/Round02/data/train/undefined/pool_08c7bb.jpg,5,0.88296694,scratch_consensus_round2,1.0
800,/home/h3r0-k1ll3r/Downloads/hackBlox/Round02/data/train/undefined/pool_08da35.jpg,5,0.89036185,scratch_consensus_round2,1.0
801,/home/h3r0-k1ll3r/Downloads/hackBlox/Round02/data/train/undefined/pool_08e141.jpg,5,0.9420435,scratch_consensus_round2,1.0
803,/home/h3r0-k1ll3r/Downloads/hackBlox/Round02/data/train/undefined/pool_08ec7a.jpg,0,0.9674699,scratch_consensus_round2,1.0
808,/home/h3r0-k1ll3r/Downloads/hackBlox/Round02/data/train/undefined/pool_0941c6.jpg,0,0.85299927,scratch_consensus_round2,1.0
809,/home/h3r0-k1ll3r/Downloads/hackBlox/Round02/data/train/undefined/pool_094924.jpg,4,0.9497126,scratch_consensus_round2,1.0
819,/home/h3r0-k1ll3r/Downloads/hackBlox/Round02/data/train/undefined/pool_09e76d.jpg,0,0.92849356,scratch_consensus_round2,1.0
828,/home/h3r0-k1ll3r/Downloads/hackBlox/Round02/data/train/undefined/pool_0a50e8.jpg,5,0.89524496,scratch_consensus_round2,1.0
835,/home/h3r0-k1ll3r/Downloads/hackBlox/Round02/data/train/undefined/pool_0a80ad.jpg,4,0.9278071,scratch_consensus_round2,1.0
844,/home/h3r0-k1ll3r/Downloads/hackBlox/Round02/data/train/undefined/pool_0ae12e.jpg,2,0.9174156,scratch_consensus_round2,1.0
851,/home/h3r0-k1ll3r/Downloads/hackBlox/Round02/data/train/undefined/pool_0b33e7.jpg,5,0.9410464,scratch_consensus_round2,1.0
858,/home/h3r0-k1ll3r/Downloads/hackBlox/Round02/data/train/undefined/pool_0b6603.jpg,2,0.88638157,scratch_consensus_round2,1.0
865,/home/h3r0-k1ll3r/Downloads/hackBlox/Round02/data/train/undefined/pool_0b9244.jpg,2,0.8768615,scratch_consensus_round2,1.0
866,/home/h3r0-k1ll3r/Downloads/hackBlox/Round02/data/train/undefined/pool_0b9a7c.jpg,0,0.9123929,scratch_consensus_round2,1.0
868,/home/h3r0-k1ll3r/Downloads/hackBlox/Round02/data/train/undefined/pool_0bbce8.jpg,5,0.8766361,scratch_consensus_round2,1.0
869,/home/h3r0-k1ll3r/Downloads/hackBlox/Round02/data/train/undefined/pool_0bc769.jpg,0,0.8727594,scratch_consensus_round2,1.0
876,/home/h3r0-k1ll3r/Downloads/hackBlox/Round02/data/train/undefined/pool_0c0a70.jpg,4,0.913174,scratch_consensus_round2,1.0
877,/home/h3r0-k1ll3r/Downloads/hackBlox/Round02/data/train/undefined/pool_0c0e7c.jpg,5,0.9457733,scratch_consensus_round2,1.0
878,/home/h3r0-k1ll3r/Downloads/hackBlox/Round02/data/train/undefined/pool_0c1f58.jpg,5,0.87652117,scratch_consensus_round2,1.0
879,/home/h3r0-k1ll3r/Downloads/hackBlox/Round02/data/train/undefined/pool_0c2179.jpg,5,0.92991585,scratch_consensus_round2,1.0
881,/home/h3r0-k1ll3r/Downloads/hackBlox/Round02/data/train/undefined/pool_0c5a45.jpg,2,0.93765503,scratch_consensus_round2,1.0
893,/home/h3r0-k1ll3r/Downloads/hackBlox/Round02/data/train/undefined/pool_0cd8fa.jpg,0,0.8592498,scratch_consensus_round2,1.0
894,/home/h3r0-k1ll3r/Downloads/hackBlox/Round02/data/train/undefined/pool_0ce2d0.jpg,5,0.93151516,scratch_consensus_round2,1.0
897,/home/h3r0-k1ll3r/Downloads/hackBlox/Round02/data/train/undefined/pool_0cf296.jpg,1,0.89865094,scratch_consensus_round2,1.0
898,/home/h3r0-k1ll3r/Downloads/hackBlox/Round02/data/train/undefined/pool_0d0007.jpg,5,0.9496857,scratch_consensus_round2,1.0
899,/home/h3r0-k1ll3r/Downloads/hackBlox/Round02/data/train/undefined/pool_0d0462.jpg,3,0.89204335,scratch_consensus_round2,1.0
900,/home/h3r0-k1ll3r/Downloads/hackBlox/Round02/data/train/undefined/pool_0d0bd6.jpg,1,0.87742656,scratch_consensus_round2,1.0
904,/home/h3r0-k1ll3r/Downloads/hackBlox/Round02/data/train/undefined/pool_0d1a9c.jpg,0,0.96410865,scratch_consensus_round2,1.0
909,/home/h3r0-k1ll3r/Downloads/hackBlox/Round02/data/train/undefined/pool_0d3b6e.jpg,3,0.9298101,scratch_consensus_round2,1.0
917,/home/h3r0-k1ll3r/Downloads/hackBlox/Round02/data/train/undefined/pool_0daf48.jpg,5,0.86147016,scratch_consensus_round2,1.0
918,/home/h3r0-k1ll3r/Downloads/hackBlox/Round02/data/train/undefined/pool_0db9ba.jpg,3,0.94733405,scratch_consensus_round2,1.0
931,/home/h3r0-k1ll3r/Downloads/hackBlox/Round02/data/train/undefined/pool_0e812a.jpg,5,0.88908654,scratch_consensus_round2,1.0
945,/home/h3r0-k1ll3r/Downloads/hackBlox/Round02/data/train/undefined/pool_0f1320.jpg,2,0.9178155,scratch_consensus_round2,1.0
954,/home/h3r0-k1ll3r/Downloads/hackBlox/Round02/data/train/undefined/pool_0f6de4.jpg,5,0.9229985,scratch_consensus_round2,1.0
960,/home/h3r0-k1ll3r/Downloads/hackBlox/Round02/data/train/undefined/pool_0f9b3e.jpg,3,0.90947795,scratch_consensus_round2,1.0
967,/home/h3r0-k1ll3r/Downloads/hackBlox/Round02/data/train/undefined/pool_100b72.jpg,3,0.88804275,scratch_consensus_round2,1.0
968,/home/h3r0-k1ll3r/Downloads/hackBlox/Round02/data/train/undefined/pool_101299.jpg,2,0.97801197,scratch_consensus_round2,1.0
970,/home/h3r0-k1ll3r/Downloads/hackBlox/Round02/data/train/undefined/pool_1020c3.jpg,0,0.8701757,scratch_consensus_round2,1.0
972,/home/h3r0-k1ll3r/Downloads/hackBlox/Round02/data/train/undefined/pool_103707.jpg,0,0.85727435,scratch_consensus_round2,1.0
974,/home/h3r0-k1ll3r/Downloads/hackBlox/Round02/data/train/undefined/pool_10449e.jpg,3,0.8721379,scratch_consensus_round2,1.0
975,/home/h3r0-k1ll3r/Downloads/hackBlox/Round02/data/train/undefined/pool_1045ff.jpg,5,0.87469625,scratch_consensus_round2,1.0
977,/home/h3r0-k1ll3r/Downloads/hackBlox/Round02/data/train/undefined/pool_106172.jpg,1,0.90068597,scratch_consensus_round2,1.0
988,/home/h3r0-k1ll3r/Downloads/hackBlox/Round02/data/train/undefined/pool_1111b1.jpg,3,0.89810175,scratch_consensus_round2,1.0
994,/home/h3r0-k1ll3r/Downloads/hackBlox/Round02/data/train/undefined/pool_1159b3.jpg,2,0.8587021,scratch_consensus_round2,1.0
998,/home/h3r0-k1ll3r/Downloads/hackBlox/Round02/data/train/undefined/pool_118888.jpg,0,0.9490983,scratch_consensus_round2,1.0
1001,/home/h3r0-k1ll3r/Downloads/hackBlox/Round02/data/train/undefined/pool_11961a.jpg,3,0.8888704,scratch_consensus_round2,1.0
1003,/home/h3r0-k1ll3r/Downloads/hackBlox/Round02/data/train/undefined/pool_119941.jpg,2,0.9039684,scratch_consensus_round2,1.0
1007,/home/h3r0-k1ll3r/Downloads/hackBlox/Round02/data/train/undefined/pool_11df16.jpg,1,0.86819214,scratch_consensus_round2,1.0
1012,/home/h3r0-k1ll3r/Downloads/hackBlox/Round02/data/train/undefined/pool_11fb04.jpg,2,0.8933433,scratch_consensus_round2,1.0
1013,/home/h3r0-k1ll3r/Downloads/hackBlox/Round02/data/train/undefined/pool_1214a3.jpg,1,0.8963117,scratch_consensus_round2,1.0
1014,/home/h3r0-k1ll3r/Downloads/hackBlox/Round02/data/train/undefined/pool_121ca5.jpg,2,0.89893126,scratch_consensus_round2,1.0
1015,/home/h3r0-k1ll3r/Downloads/hackBlox/Round02/data/train/undefined/pool_122c13.jpg,2,0.8601008,scratch_consensus_round2,1.0
1016,/home/h3r0-k1ll3r/Downloads/hackBlox/Round02/data/train/undefined/pool_122ce7.jpg,1,0.8535973,scratch_consensus_round2,1.0
1021,/home/h3r0-k1ll3r/Downloads/hackBlox/Round02/data/train/undefined/pool_12446e.jpg,1,0.86792797,scratch_consensus_round2,1.0
1032,/home/h3r0-k1ll3r/Downloads/hackBlox/Round02/data/train/undefined/pool_127352.jpg,5,0.97024655,scratch_consensus_round2,1.0
1038,/home/h3r0-k1ll3r/Downloads/hackBlox/Round02/data/train/undefined/pool_12a606.jpg,3,0.9123449,scratch_consensus_round2,1.0
1041,/home/h3r0-k1ll3r/Downloads/hackBlox/Round02/data/train/undefined/pool_12d23a.jpg,5,0.894783,scratch_consensus_round2,1.0
1042,/home/h3r0-k1ll3r/Downloads/hackBlox/Round02/data/train/undefined/pool_12ee06.jpg,3,0.8607496,scratch_consensus_round2,1.0
1043,/home/h3r0-k1ll3r/Downloads/hackBlox/Round02/data/train/undefined/pool_1311b1.jpg,3,0.9229667,scratch_consensus_round2,1.0
1059,/home/h3r0-k1ll3r/Downloads/hackBlox/Round02/data/train/undefined/pool_13cae4.jpg,1,0.8938418,scratch_consensus_round2,1.0
1065,/home/h3r0-k1ll3r/Downloads/hackBlox/Round02/data/train/undefined/pool_13f6d4.jpg,5,0.95039475,scratch_consensus_round2,1.0
1066,/home/h3r0-k1ll3r/Downloads/hackBlox/Round02/data/train/undefined/pool_13fb5c.jpg,5,0.87239236,scratch_consensus_round2,1.0
1067,/home/h3r0-k1ll3r/Downloads/hackBlox/Round02/data/train/undefined/pool_140210.jpg,5,0.92563695,scratch_consensus_round2,1.0
1073,/home/h3r0-k1ll3r/Downloads/hackBlox/Round02/data/train/undefined/pool_142ffa.jpg,3,0.8686825,scratch_consensus_round2,1.0
1076,/home/h3r0-k1ll3r/Downloads/hackBlox/Round02/data/train/undefined/pool_1436f8.jpg,4,0.8805427,scratch_consensus_round2,1.0
1082,/home/h3r0-k1ll3r/Downloads/hackBlox/Round02/data/train/undefined/pool_144406.jpg,4,0.86077994,scratch_consensus_round2,1.0
1084,/home/h3r0-k1ll3r/Downloads/hackBlox/Round02/data/train/undefined/pool_145c2e.jpg,2,0.9156643,scratch_consensus_round2,1.0
1085,/home/h3r0-k1ll3r/Downloads/hackBlox/Round02/data/train/undefined/pool_145e4c.jpg,2,0.9583965,scratch_consensus_round2,1.0
1086,/home/h3r0-k1ll3r/Downloads/hackBlox/Round02/data/train/undefined/pool_147713.jpg,1,0.91141987,scratch_consensus_round2,1.0
1089,/home/h3r0-k1ll3r/Downloads/hackBlox/Round02/data/train/undefined/pool_148b19.jpg,5,0.8766908,scratch_consensus_round2,1.0
1091,/home/h3r0-k1ll3r/Downloads/hackBlox/Round02/data/train/undefined/pool_14c998.jpg,3,0.90474856,scratch_consensus_round2,1.0
1092,/home/h3r0-k1ll3r/Downloads/hackBlox/Round02/data/train/undefined/pool_14d90b.jpg,5,0.9044379,scratch_consensus_round2,1.0
1094,/home/h3r0-k1ll3r/Downloads/hackBlox/Round02/data/train/undefined/pool_14e0f7.jpg,5,0.87919,scratch_consensus_round2,1.0
1096,/home/h3r0-k1ll3r/Downloads/hackBlox/Round02/data/train/undefined/pool_14fdaf.jpg,3,0.8943527,scratch_consensus_round2,1.0
1104,/home/h3r0-k1ll3r/Downloads/hackBlox/Round02/data/train/undefined/pool_158fdb.jpg,2,0.9120366,scratch_consensus_round2,1.0
1109,/home/h3r0-k1ll3r/Downloads/hackBlox/Round02/data/train/undefined/pool_15d767.jpg,5,0.916587,scratch_consensus_round2,1.0
1110,/home/h3r0-k1ll3r/Downloads/hackBlox/Round02/data/train/undefined/pool_15dfd6.jpg,3,0.9194199,scratch_consensus_round2,1.0
1111,/home/h3r0-k1ll3r/Downloads/hackBlox/Round02/data/train/undefined/pool_15e6fb.jpg,0,0.8966058,scratch_consensus_round2,1.0
1114,/home/h3r0-k1ll3r/Downloads/hackBlox/Round02/data/train/undefined/pool_160a11.jpg,1,0.9060363,scratch_consensus_round2,1.0
1128,/home/h3r0-k1ll3r/Downloads/hackBlox/Round02/data/train/undefined/pool_16c34e.jpg,0,0.9286853,scratch_consensus_round2,1.0
1139,/home/h3r0-k1ll3r/Downloads/hackBlox/Round02/data/train/undefined/pool_175162.jpg,3,0.8574463,scratch_consensus_round2,1.0
1140,/home/h3r0-k1ll3r/Downloads/hackBlox/Round02/data/train/undefined/pool_175356.jpg,5,0.9304299,scratch_consensus_round2,1.0
1144,/home/h3r0-k1ll3r/Downloads/hackBlox/Round02/data/train/undefined/pool_177823.jpg,1,0.8533538,scratch_consensus_round2,1.0
1152,/home/h3r0-k1ll3r/Downloads/hackBlox/Round02/data/train/undefined/pool_17ab57.jpg,4,0.9165257,scratch_consensus_round2,1.0
1155,/home/h3r0-k1ll3r/Downloads/hackBlox/Round02/data/train/undefined/pool_17ce71.jpg,5,0.89985234,scratch_consensus_round2,1.0
1163,/home/h3r0-k1ll3r/Downloads/hackBlox/Round02/data/train/undefined/pool_1877d3.jpg,4,0.947817,scratch_consensus_round2,1.0
1164,/home/h3r0-k1ll3r/Downloads/hackBlox/Round02/data/train/undefined/pool_187b64.jpg,1,0.9007205,scratch_consensus_round2,1.0
1168,/home/h3r0-k1ll3r/Downloads/hackBlox/Round02/data/train/undefined/pool_18a241.jpg,5,0.9188506,scratch_consensus_round2,1.0
1170,/home/h3r0-k1ll3r/Downloads/hackBlox/Round02/data/train/undefined/pool_18bac8.jpg,3,0.9255944,scratch_consensus_round2,1.0
1171,/home/h3r0-k1ll3r/Downloads/hackBlox/Round02/data/train/undefined/pool_18bb5c.jpg,4,0.8727821,scratch_consensus_round2,1.0
1178,/home/h3r0-k1ll3r/Downloads/hackBlox/Round02/data/train/undefined/pool_18f775.jpg,2,0.88578796,scratch_consensus_round2,1.0
1187,/home/h3r0-k1ll3r/Downloads/hackBlox/Round02/data/train/undefined/pool_197b8f.jpg,1,0.8704931,scratch_consensus_round2,1.0
1190,/home/h3r0-k1ll3r/Downloads/hackBlox/Round02/data/train/undefined/pool_199c74.jpg,0,0.93654716,scratch_consensus_round2,1.0
1203,/home/h3r0-k1ll3r/Downloads/hackBlox/Round02/data/train/undefined/pool_1a1739.jpg,1,0.87222296,scratch_consensus_round2,1.0
1217,/home/h3r0-k1ll3r/Downloads/hackBlox/Round02/data/train/undefined/pool_1a8930.jpg,5,0.88390386,scratch_consensus_round2,1.0
1224,/home/h3r0-k1ll3r/Downloads/hackBlox/Round02/data/train/undefined/pool_1acfdb.jpg,1,0.8722218,scratch_consensus_round2,1.0
1236,/home/h3r0-k1ll3r/Downloads/hackBlox/Round02/data/train/undefined/pool_1b5932.jpg,4,0.92055905,scratch_consensus_round2,1.0
1244,/home/h3r0-k1ll3r/Downloads/hackBlox/Round02/data/train/undefined/pool_1bcbd3.jpg,3,0.8538142,scratch_consensus_round2,1.0
1257,/home/h3r0-k1ll3r/Downloads/hackBlox/Round02/data/train/undefined/pool_1c845a.jpg,3,0.86457795,scratch_consensus_round2,1.0
1260,/home/h3r0-k1ll3r/Downloads/hackBlox/Round02/data/train/undefined/pool_1cb30c.jpg,3,0.9242377,scratch_consensus_round2,1.0
1262,/home/h3r0-k1ll3r/Downloads/hackBlox/Round02/data/train/undefined/pool_1cbf4a.jpg,2,0.9017154,scratch_consensus_round2,1.0
1264,/home/h3r0-k1ll3r/Downloads/hackBlox/Round02/data/train/undefined/pool_1cc5c7.jpg,2,0.935621,scratch_consensus_round2,1.0
1267,/home/h3r0-k1ll3r/Downloads/hackBlox/Round02/data/train/undefined/pool_1cde77.jpg,5,0.9697316,scratch_consensus_round2,1.0
1274,/home/h3r0-k1ll3r/Downloads/hackBlox/Round02/data/train/undefined/pool_1d2dab.jpg,5,0.8875105,scratch_consensus_round2,1.0
1275,/home/h3r0-k1ll3r/Downloads/hackBlox/Round02/data/train/undefined/pool_1d3324.jpg,2,0.8934394,scratch_consensus_round2,1.0
1282,/home/h3r0-k1ll3r/Downloads/hackBlox/Round02/data/train/undefined/pool_1d9d79.jpg,1,0.89424294,scratch_consensus_round2,1.0
1284,/home/h3r0-k1ll3r/Downloads/hackBlox/Round02/data/train/undefined/pool_1dde43.jpg,1,0.9082507,scratch_consensus_round2,1.0
1287,/home/h3r0-k1ll3r/Downloads/hackBlox/Round02/data/train/undefined/pool_1df678.jpg,4,0.9237619,scratch_consensus_round2,1.0
1293,/home/h3r0-k1ll3r/Downloads/hackBlox/Round02/data/train/undefined/pool_1e102a.jpg,4,0.88283974,scratch_consensus_round2,1.0
1302,/home/h3r0-k1ll3r/Downloads/hackBlox/Round02/data/train/undefined/pool_1e4cf2.jpg,4,0.87109065,scratch_consensus_round2,1.0
1304,/home/h3r0-k1ll3r/Downloads/hackBlox/Round02/data/train/undefined/pool_1e57f5.jpg,4,0.8723104,scratch_consensus_round2,1.0
1305,/home/h3r0-k1ll3r/Downloads/hackBlox/Round02/data/train/undefined/pool_1e5b6d.jpg,2,0.9375721,scratch_consensus_round2,1.0
1306,/home/h3r0-k1ll3r/Downloads/hackBlox/Round02/data/train/undefined/pool_1e6047.jpg,5,0.9477203,scratch_consensus_round2,1.0
1310,/home/h3r0-k1ll3r/Downloads/hackBlox/Round02/data/train/undefined/pool_1e9539.jpg,5,0.9267121,scratch_consensus_round2,1.0
1312,/home/h3r0-k1ll3r/Downloads/hackBlox/Round02/data/train/undefined/pool_1e983a.jpg,3,0.94027793,scratch_consensus_round2,1.0
1316,/home/h3r0-k1ll3r/Downloads/hackBlox/Round02/data/train/undefined/pool_1eb935.jpg,0,0.90776694,scratch_consensus_round2,1.0
1317,/home/h3r0-k1ll3r/Downloads/hackBlox/Round02/data/train/undefined/pool_1ecf22.jpg,3,0.88666314,scratch_consensus_round2,1.0
1321,/home/h3r0-k1ll3r/Downloads/hackBlox/Round02/data/train/undefined/pool_1eea57.jpg,5,0.89962554,scratch_consensus_round2,1.0
1323,/home/h3r0-k1ll3r/Downloads/hackBlox/Round02/data/train/undefined/pool_1ef562.jpg,2,0.9328553,scratch_consensus_round2,1.0
1329,/home/h3r0-k1ll3r/Downloads/hackBlox/Round02/data/train/undefined/pool_1f7341.jpg,4,0.92341477,scratch_consensus_round2,1.0
1332,/home/h3r0-k1ll3r/Downloads/hackBlox/Round02/data/train/undefined/pool_1f87e6.jpg,1,0.9239823,scratch_consensus_round2,1.0
1339,/home/h3r0-k1ll3r/Downloads/hackBlox/Round02/data/train/undefined/pool_1fb863.jpg,3,0.88583195,scratch_consensus_round2,1.0
1340,/home/h3r0-k1ll3r/Downloads/hackBlox/Round02/data/train/undefined/pool_1fb911.jpg,2,0.955165,scratch_consensus_round2,1.0
1343,/home/h3r0-k1ll3r/Downloads/hackBlox/Round02/data/train/undefined/pool_1fdf85.jpg,1,0.9007873,scratch_consensus_round2,1.0
1347,/home/h3r0-k1ll3r/Downloads/hackBlox/Round02/data/train/undefined/pool_1fed17.jpg,5,0.88902944,scratch_consensus_round2,1.0
1354,/home/h3r0-k1ll3r/Downloads/hackBlox/Round02/data/train/undefined/pool_201a24.jpg,2,0.8772103,scratch_consensus_round2,1.0
1356,/home/h3r0-k1ll3r/Downloads/hackBlox/Round02/data/train/undefined/pool_203759.jpg,2,0.8515786,scratch_consensus_round2,1.0
1369,/home/h3r0-k1ll3r/Downloads/hackBlox/Round02/data/train/undefined/pool_210a3b.jpg,0,0.8979312,scratch_consensus_round2,1.0
1370,/home/h3r0-k1ll3r/Downloads/hackBlox/Round02/data/train/undefined/pool_21136e.jpg,2,0.9375009,scratch_consensus_round2,1.0
1371,/home/h3r0-k1ll3r/Downloads/hackBlox/Round02/data/train/undefined/pool_21280a.jpg,3,0.9684345,scratch_consensus_round2,1.0
1379,/home/h3r0-k1ll3r/Downloads/hackBlox/Round02/data/train/undefined/pool_216224.jpg,5,0.9108777,scratch_consensus_round2,1.0
1380,/home/h3r0-k1ll3r/Downloads/hackBlox/Round02/data/train/undefined/pool_217663.jpg,4,0.9085711,scratch_consensus_round2,1.0
1381,/home/h3r0-k1ll3r/Downloads/hackBlox/Round02/data/train/undefined/pool_217b4d.jpg,3,0.8719779,scratch_consensus_round2,1.0
1382,/home/h3r0-k1ll3r/Downloads/hackBlox/Round02/data/train/undefined/pool_218a59.jpg,0,0.95258445,scratch_consensus_round2,1.0
1383,/home/h3r0-k1ll3r/Downloads/hackBlox/Round02/data/train/undefined/pool_218ee7.jpg,0,0.9449591,scratch_consensus_round2,1.0
1388,/home/h3r0-k1ll3r/Downloads/hackBlox/Round02/data/train/undefined/pool_21c7ec.jpg,2,0.92024696,scratch_consensus_round2,1.0
1390,/home/h3r0-k1ll3r/Downloads/hackBlox/Round02/data/train/undefined/pool_21e00c.jpg,4,0.8598366,scratch_consensus_round2,1.0
1393,/home/h3r0-k1ll3r/Downloads/hackBlox/Round02/data/train/undefined/pool_21f75f.jpg,4,0.858528,scratch_consensus_round2,1.0
1394,/home/h3r0-k1ll3r/Downloads/hackBlox/Round02/data/train/undefined/pool_21fbc5.jpg,5,0.9786066,scratch_consensus_round2,1.0
1396,/home/h3r0-k1ll3r/Downloads/hackBlox/Round02/data/train/undefined/pool_220130.jpg,3,0.85182714,scratch_consensus_round2,1.0
1397,/home/h3r0-k1ll3r/Downloads/hackBlox/Round02/data/train/undefined/pool_2209ef.jpg,0,0.90195906,scratch_consensus_round2,1.0
1399,/home/h3r0-k1ll3r/Downloads/hackBlox/Round02/data/train/undefined/pool_221d0f.jpg,3,0.894068,scratch_consensus_round2,1.0
1400,/home/h3r0-k1ll3r/Downloads/hackBlox/Round02/data/train/undefined/pool_2221f4.jpg,5,0.9227803,scratch_consensus_round2,1.0
1401,/home/h3r0-k1ll3r/Downloads/hackBlox/Round02/data/train/undefined/pool_223345.jpg,5,0.92635137,scratch_consensus_round2,1.0
1403,/home/h3r0-k1ll3r/Downloads/hackBlox/Round02/data/train/undefined/pool_223c1b.jpg,1,0.9191294,scratch_consensus_round2,1.0
1405,/home/h3r0-k1ll3r/Downloads/hackBlox/Round02/data/train/undefined/pool_22604f.jpg,3,0.8516146,scratch_consensus_round2,1.0
1406,/home/h3r0-k1ll3r/Downloads/hackBlox/Round02/data/train/undefined/pool_2261b6.jpg,4,0.9137967,scratch_consensus_round2,1.0
1408,/home/h3r0-k1ll3r/Downloads/hackBlox/Round02/data/train/undefined/pool_2271d5.jpg,2,0.9573469,scratch_consensus_round2,1.0
1411,/home/h3r0-k1ll3r/Downloads/hackBlox/Round02/data/train/undefined/pool_2285b0.jpg,3,0.8736829,scratch_consensus_round2,1.0
1421,/home/h3r0-k1ll3r/Downloads/hackBlox/Round02/data/train/undefined/pool_22fdb3.jpg,3,0.93977875,scratch_consensus_round2,1.0
1422,/home/h3r0-k1ll3r/Downloads/hackBlox/Round02/data/train/undefined/pool_230ab3.jpg,0,0.880635,scratch_consensus_round2,1.0
1428,/home/h3r0-k1ll3r/Downloads/hackBlox/Round02/data/train/undefined/pool_236bfc.jpg,5,0.8556902,scratch_consensus_round2,1.0
1436,/home/h3r0-k1ll3r/Downloads/hackBlox/Round02/data/train/undefined/pool_23b80e.jpg,2,0.91928416,scratch_consensus_round2,1.0
1439,/home/h3r0-k1ll3r/Downloads/hackBlox/Round02/data/train/undefined/pool_23ed8b.jpg,0,0.8626306,scratch_consensus_round2,1.0
1440,/home/h3r0-k1ll3r/Downloads/hackBlox/Round02/data/train/undefined/pool_23efa5.jpg,5,0.89179325,scratch_consensus_round2,1.0
1447,/home/h3r0-k1ll3r/Downloads/hackBlox/Round02/data/train/undefined/pool_2445df.jpg,5,0.91656256,scratch_consensus_round2,1.0
1449,/home/h3r0-k1ll3r/Downloads/hackBlox/Round02/data/train/undefined/pool_245025.jpg,4,0.8632645,scratch_consensus_round2,1.0
1450,/home/h3r0-k1ll3r/Downloads/hackBlox/Round02/data/train/undefined/pool_245bd2.jpg,4,0.9241298,scratch_consensus_round2,1.0
1456,/home/h3r0-k1ll3r/Downloads/hackBlox/Round02/data/train/undefined/pool_249a36.jpg,3,0.928931,scratch_consensus_round2,1.0
1459,/home/h3r0-k1ll3r/Downloads/hackBlox/Round02/data/train/undefined/pool_2515f3.jpg,4,0.8815366,scratch_consensus_round2,1.0
1460,/home/h3r0-k1ll3r/Downloads/hackBlox/Round02/data/train/undefined/pool_25196a.jpg,2,0.95902985,scratch_consensus_round2,1.0
1463,/home/h3r0-k1ll3r/Downloads/hackBlox/Round02/data/train/undefined/pool_252d45.jpg,2,0.8956238,scratch_consensus_round2,1.0
1476,/home/h3r0-k1ll3r/Downloads/hackBlox/Round02/data/train/undefined/pool_25cb12.jpg,3,0.9152905,scratch_consensus_round2,1.0
1481,/home/h3r0-k1ll3r/Downloads/hackBlox/Round02/data/train/undefined/pool_260b4d.jpg,0,0.9264048,scratch_consensus_round2,1.0
1482,/home/h3r0-k1ll3r/Downloads/hackBlox/Round02/data/train/undefined/pool_260cbe.jpg,1,0.93881387,scratch_consensus_round2,1.0
1487,/home/h3r0-k1ll3r/Downloads/hackBlox/Round02/data/train/undefined/pool_263491.jpg,5,0.9370086,scratch_consensus_round2,1.0
1496,/home/h3r0-k1ll3r/Downloads/hackBlox/Round02/data/train/undefined/pool_265f5e.jpg,4,0.93671304,scratch_consensus_round2,1.0
1499,/home/h3r0-k1ll3r/Downloads/hackBlox/Round02/data/train/undefined/pool_268a8b.jpg,3,0.8600248,scratch_consensus_round2,1.0
1501,/home/h3r0-k1ll3r/Downloads/hackBlox/Round02/data/train/undefined/pool_269a02.jpg,4,0.8974339,scratch_consensus_round2,1.0
1503,/home/h3r0-k1ll3r/Downloads/hackBlox/Round02/data/train/undefined/pool_26ae48.jpg,1,0.9244208,scratch_consensus_round2,1.0
1512,/home/h3r0-k1ll3r/Downloads/hackBlox/Round02/data/train/undefined/pool_270daf.jpg,2,0.87744313,scratch_consensus_round2,1.0
1518,/home/h3r0-k1ll3r/Downloads/hackBlox/Round02/data/train/undefined/pool_274551.jpg,4,0.91585207,scratch_consensus_round2,1.0
1521,/home/h3r0-k1ll3r/Downloads/hackBlox/Round02/data/train/undefined/pool_27973c.jpg,2,0.9340091,scratch_consensus_round2,1.0
1540,/home/h3r0-k1ll3r/Downloads/hackBlox/Round02/data/train/undefined/pool_28e0f9.jpg,5,0.94609743,scratch_consensus_round2,1.0
1542,/home/h3r0-k1ll3r/Downloads/hackBlox/Round02/data/train/undefined/pool_28e2ed.jpg,0,0.87863183,scratch_consensus_round2,1.0
1552,/home/h3r0-k1ll3r/Downloads/hackBlox/Round02/data/train/undefined/pool_293994.jpg,1,0.886873,scratch_consensus_round2,1.0
1561,/home/h3r0-k1ll3r/Downloads/hackBlox/Round02/data/train/undefined/pool_29af3c.jpg,3,0.89387184,scratch_consensus_round2,1.0
1565,/home/h3r0-k1ll3r/Downloads/hackBlox/Round02/data/train/undefined/pool_29c7bd.jpg,4,0.87223995,scratch_consensus_round2,1.0
1570,/home/h3r0-k1ll3r/Downloads/hackBlox/Round02/data/train/undefined/pool_2a268e.jpg,3,0.91137815,scratch_consensus_round2,1.0
1572,/home/h3r0-k1ll3r/Downloads/hackBlox/Round02/data/train/undefined/pool_2a2ccb.jpg,3,0.91676,scratch_consensus_round2,1.0
1576,/home/h3r0-k1ll3r/Downloads/hackBlox/Round02/data/train/undefined/pool_2a80e0.jpg,0,0.93088204,scratch_consensus_round2,1.0
1585,/home/h3r0-k1ll3r/Downloads/hackBlox/Round02/data/train/undefined/pool_2af64a.jpg,2,0.8593749,scratch_consensus_round2,1.0
1592,/home/h3r0-k1ll3r/Downloads/hackBlox/Round02/data/train/undefined/pool_2b1a1e.jpg,5,0.9080451,scratch_consensus_round2,1.0
1593,/home/h3r0-k1ll3r/Downloads/hackBlox/Round02/data/train/undefined/pool_2b1adb.jpg,2,0.8528149,scratch_consensus_round2,1.0
1595,/home/h3r0-k1ll3r/Downloads/hackBlox/Round02/data/train/undefined/pool_2b2c30.jpg,4,0.8768583,scratch_consensus_round2,1.0
1597,/home/h3r0-k1ll3r/Downloads/hackBlox/Round02/data/train/undefined/pool_2b35be.jpg,1,0.8833948,scratch_consensus_round2,1.0
1601,/home/h3r0-k1ll3r/Downloads/hackBlox/Round02/data/train/undefined/pool_2b5a58.jpg,4,0.94767773,scratch_consensus_round2,1.0
1603,/home/h3r0-k1ll3r/Downloads/hackBlox/Round02/data/train/undefined/pool_2b624c.jpg,1,0.8656223,scratch_consensus_round2,1.0
1607,/home/h3r0-k1ll3r/Downloads/hackBlox/Round02/data/train/undefined/pool_2bcc64.jpg,5,0.85103166,scratch_consensus_round2,1.0
1608,/home/h3r0-k1ll3r/Downloads/hackBlox/Round02/data/train/undefined/pool_2bcff5.jpg,0,0.9527533,scratch_consensus_round2,1.0
1610,/home/h3r0-k1ll3r/Downloads/hackBlox/Round02/data/train/undefined/pool_2beaf8.jpg,4,0.88887817,scratch_consensus_round2,1.0
1611,/home/h3r0-k1ll3r/Downloads/hackBlox/Round02/data/train/undefined/pool_2c01b2.jpg,3,0.8544801,scratch_consensus_round2,1.0
1619,/home/h3r0-k1ll3r/Downloads/hackBlox/Round02/data/train/undefined/pool_2c6b69.jpg,2,0.9033989,scratch_consensus_round2,1.0
1626,/home/h3r0-k1ll3r/Downloads/hackBlox/Round02/data/train/undefined/pool_2c9f9d.jpg,5,0.97417235,scratch_consensus_round2,1.0
1635,/home/h3r0-k1ll3r/Downloads/hackBlox/Round02/data/train/undefined/pool_2cda80.jpg,3,0.8809443,scratch_consensus_round2,1.0
1638,/home/h3r0-k1ll3r/Downloads/hackBlox/Round02/data/train/undefined/pool_2cec2a.jpg,3,0.9538141,scratch_consensus_round2,1.0
1642,/home/h3r0-k1ll3r/Downloads/hackBlox/Round02/data/train/undefined/pool_2d1948.jpg,3,0.9650815,scratch_consensus_round2,1.0
1644,/home/h3r0-k1ll3r/Downloads/hackBlox/Round02/data/train/undefined/pool_2d1ee5.jpg,4,0.9137527,scratch_consensus_round2,1.0
1645,/home/h3r0-k1ll3r/Downloads/hackBlox/Round02/data/train/undefined/pool_2d43cc.jpg,5,0.92880774,scratch_consensus_round2,1.0
1650,/home/h3r0-k1ll3r/Downloads/hackBlox/Round02/data/train/undefined/pool_2d645e.jpg,5,0.9153345,scratch_consensus_round2,1.0
1667,/home/h3r0-k1ll3r/Downloads/hackBlox/Round02/data/train/undefined/pool_2e1944.jpg,3,0.917242,scratch_consensus_round2,1.0
1671,/home/h3r0-k1ll3r/Downloads/hackBlox/Round02/data/train/undefined/pool_2e43b3.jpg,4,0.9155916,scratch_consensus_round2,1.0
1675,/home/h3r0-k1ll3r/Downloads/hackBlox/Round02/data/train/undefined/pool_2e778c.jpg,1,0.87266666,scratch_consensus_round2,1.0
1679,/home/h3r0-k1ll3r/Downloads/hackBlox/Round02/data/train/undefined/pool_2e9543.jpg,4,0.9837568,scratch_consensus_round2,1.0
1680,/home/h3r0-k1ll3r/Downloads/hackBlox/Round02/data/train/undefined/pool_2ea5d5.jpg,5,0.87526745,scratch_consensus_round2,1.0
1683,/home/h3r0-k1ll3r/Downloads/hackBlox/Round02/data/train/undefined/pool_2eb68e.jpg,0,0.86210424,scratch_consensus_round2,1.0
1686,/home/h3r0-k1ll3r/Downloads/hackBlox/Round02/data/train/undefined/pool_2ef677.jpg,4,0.8789386,scratch_consensus_round2,1.0
1688,/home/h3r0-k1ll3r/Downloads/hackBlox/Round02/data/train/undefined/pool_2efe22.jpg,4,0.8978101,scratch_consensus_round2,1.0
1691,/home/h3r0-k1ll3r/Downloads/hackBlox/Round02/data/train/undefined/pool_2f2cca.jpg,4,0.9135551,scratch_consensus_round2,1.0
1694,/home/h3r0-k1ll3r/Downloads/hackBlox/Round02/data/train/undefined/pool_2f4d75.jpg,1,0.86833864,scratch_consensus_round2,1.0
1699,/home/h3r0-k1ll3r/Downloads/hackBlox/Round02/data/train/undefined/pool_2f8141.jpg,5,0.89359146,scratch_consensus_round2,1.0
1713,/home/h3r0-k1ll3r/Downloads/hackBlox/Round02/data/train/undefined/pool_301625.jpg,3,0.85099816,scratch_consensus_round2,1.0
1721,/home/h3r0-k1ll3r/Downloads/hackBlox/Round02/data/train/undefined/pool_30749d.jpg,0,0.91960186,scratch_consensus_round2,1.0
1722,/home/h3r0-k1ll3r/Downloads/hackBlox/Round02/data/train/undefined/pool_3077c8.jpg,4,0.9473444,scratch_consensus_round2,1.0
1728,/home/h3r0-k1ll3r/Downloads/hackBlox/Round02/data/train/undefined/pool_30ac54.jpg,3,0.87496126,scratch_consensus_round2,1.0
1737,/home/h3r0-k1ll3r/Downloads/hackBlox/Round02/data/train/undefined/pool_312846.jpg,2,0.885668,scratch_consensus_round2,1.0
1740,/home/h3r0-k1ll3r/Downloads/hackBlox/Round02/data/train/undefined/pool_3138a8.jpg,3,0.931049,scratch_consensus_round2,1.0
1747,/home/h3r0-k1ll3r/Downloads/hackBlox/Round02/data/train/undefined/pool_318671.jpg,4,0.92929095,scratch_consensus_round2,1.0
1749,/home/h3r0-k1ll3r/Downloads/hackBlox/Round02/data/train/undefined/pool_319c23.jpg,0,0.9010411,scratch_consensus_round2,1.0
1755,/home/h3r0-k1ll3r/Downloads/hackBlox/Round02/data/train/undefined/pool_31cb3f.jpg,3,0.88562125,scratch_consensus_round2,1.0
1757,/home/h3r0-k1ll3r/Downloads/hackBlox/Round02/data/train/undefined/pool_31e1c4.jpg,0,0.90439713,scratch_consensus_round2,1.0
1762,/home/h3r0-k1ll3r/Downloads/hackBlox/Round02/data/train/undefined/pool_31f5cc.jpg,0,0.90428454,scratch_consensus_round2,1.0
1763,/home/h3r0-k1ll3r/Downloads/hackBlox/Round02/data/train/undefined/pool_31f923.jpg,4,0.96927565,scratch_consensus_round2,1.0
1772,/home/h3r0-k1ll3r/Downloads/hackBlox/Round02/data/train/undefined/pool_3254f5.jpg,0,0.9219128,scratch_consensus_round2,1.0
1795,/home/h3r0-k1ll3r/Downloads/hackBlox/Round02/data/train/undefined/pool_333428.jpg,4,0.9133116,scratch_consensus_round2,1.0
1807,/home/h3r0-k1ll3r/Downloads/hackBlox/Round02/data/train/undefined/pool_33d965.jpg,5,0.8744659,scratch_consensus_round2,1.0
1810,/home/h3r0-k1ll3r/Downloads/hackBlox/Round02/data/train/undefined/pool_33f880.jpg,3,0.9567787,scratch_consensus_round2,1.0
1812,/home/h3r0-k1ll3r/Downloads/hackBlox/Round02/data/train/undefined/pool_342538.jpg,5,0.9379827,scratch_consensus_round2,1.0
1817,/home/h3r0-k1ll3r/Downloads/hackBlox/Round02/data/train/undefined/pool_344238.jpg,2,0.87458616,scratch_consensus_round2,1.0
1830,/home/h3r0-k1ll3r/Downloads/hackBlox/Round02/data/train/undefined/pool_3485ec.jpg,1,0.8739865,scratch_consensus_round2,1.0
1832,/home/h3r0-k1ll3r/Downloads/hackBlox/Round02/data/train/undefined/pool_3491d6.jpg,5,0.8988556,scratch_consensus_round2,1.0
1838,/home/h3r0-k1ll3r/Downloads/hackBlox/Round02/data/train/undefined/pool_34bb8d.jpg,5,0.8669236,scratch_consensus_round2,1.0
1839,/home/h3r0-k1ll3r/Downloads/hackBlox/Round02/data/train/undefined/pool_34bbe4.jpg,4,0.9269297,scratch_consensus_round2,1.0
1842,/home/h3r0-k1ll3r/Downloads/hackBlox/Round02/data/train/undefined/pool_34d07c.jpg,3,0.9044407,scratch_consensus_round2,1.0
1855,/home/h3r0-k1ll3r/Downloads/hackBlox/Round02/data/train/undefined/pool_354877.jpg,5,0.88175017,scratch_consensus_round2,1.0
1859,/home/h3r0-k1ll3r/Downloads/hackBlox/Round02/data/train/undefined/pool_35810d.jpg,4,0.92617655,scratch_consensus_round2,1.0
1863,/home/h3r0-k1ll3r/Downloads/hackBlox/Round02/data/train/undefined/pool_35ab1b.jpg,2,0.96123725,scratch_consensus_round2,1.0
1868,/home/h3r0-k1ll3r/Downloads/hackBlox/Round02/data/train/undefined/pool_35c39d.jpg,5,0.9386065,scratch_consensus_round2,1.0
1876,/home/h3r0-k1ll3r/Downloads/hackBlox/Round02/data/train/undefined/pool_360110.jpg,0,0.9224635,scratch_consensus_round2,1.0
1878,/home/h3r0-k1ll3r/Downloads/hackBlox/Round02/data/train/undefined/pool_36200f.jpg,1,0.890316,scratch_consensus_round2,1.0
1879,/home/h3r0-k1ll3r/Downloads/hackBlox/Round02/data/train/undefined/pool_36241d.jpg,2,0.9203031,scratch_consensus_round2,1.0
1881,/home/h3r0-k1ll3r/Downloads/hackBlox/Round02/data/train/undefined/pool_36481a.jpg,2,0.93434674,scratch_consensus_round2,1.0
1883,/home/h3r0-k1ll3r/Downloads/hackBlox/Round02/data/train/undefined/pool_3660a4.jpg,0,0.89107126,scratch_consensus_round2,1.0
1885,/home/h3r0-k1ll3r/Downloads/hackBlox/Round02/data/train/undefined/pool_366653.jpg,5,0.8643334,scratch_consensus_round2,1.0
1888,/home/h3r0-k1ll3r/Downloads/hackBlox/Round02/data/train/undefined/pool_367def.jpg,2,0.9184856,scratch_consensus_round2,1.0
1892,/home/h3r0-k1ll3r/Downloads/hackBlox/Round02/data/train/undefined/pool_369855.jpg,5,0.92359847,scratch_consensus_round2,1.0
1896,/home/h3r0-k1ll3r/Downloads/hackBlox/Round02/data/train/undefined/pool_36a14e.jpg,3,0.8967788,scratch_consensus_round2,1.0
1907,/home/h3r0-k1ll3r/Downloads/hackBlox/Round02/data/train/undefined/pool_36f3f2.jpg,3,0.85999554,scratch_consensus_round2,1.0
1911,/home/h3r0-k1ll3r/Downloads/hackBlox/Round02/data/train/undefined/pool_3706fa.jpg,0,0.9534969,scratch_consensus_round2,1.0
1912,/home/h3r0-k1ll3r/Downloads/hackBlox/Round02/data/train/undefined/pool_37354e.jpg,5,0.91190684,scratch_consensus_round2,1.0
1915,/home/h3r0-k1ll3r/Downloads/hackBlox/Round02/data/train/undefined/pool_375e0e.jpg,3,0.8970108,scratch_consensus_round2,1.0
1919,/home/h3r0-k1ll3r/Downloads/hackBlox/Round02/data/train/undefined/pool_3799df.jpg,4,0.86962336,scratch_consensus_round2,1.0
1930,/home/h3r0-k1ll3r/Downloads/hackBlox/Round02/data/train/undefined/pool_381c14.jpg,5,0.94877195,scratch_consensus_round2,1.0
1931,/home/h3r0-k1ll3r/Downloads/hackBlox/Round02/data/train/undefined/pool_381cf5.jpg,2,0.9188788,scratch_consensus_round2,1.0
1943,/home/h3r0-k1ll3r/Downloads/hackBlox/Round02/data/train/undefined/pool_38d39e.jpg,4,0.9240046,scratch_consensus_round2,1.0
1949,/home/h3r0-k1ll3r/Downloads/hackBlox/Round02/data/train/undefined/pool_39025c.jpg,1,0.9023938,scratch_consensus_round2,1.0
1952,/home/h3r0-k1ll3r/Downloads/hackBlox/Round02/data/train/undefined/pool_391e35.jpg,3,0.88198286,scratch_consensus_round2,1.0
1954,/home/h3r0-k1ll3r/Downloads/hackBlox/Round02/data/train/undefined/pool_394ba2.jpg,1,0.8968362,scratch_consensus_round2,1.0
1958,/home/h3r0-k1ll3r/Downloads/hackBlox/Round02/data/train/undefined/pool_3972d3.jpg,3,0.8908737,scratch_consensus_round2,1.0
1964,/home/h3r0-k1ll3r/Downloads/hackBlox/Round02/data/train/undefined/pool_39b7d0.jpg,4,0.90272915,scratch_consensus_round2,1.0
1968,/home/h3r0-k1ll3r/Downloads/hackBlox/Round02/data/train/undefined/pool_39e841.jpg,2,0.85387367,scratch_consensus_round2,1.0
1970,/home/h3r0-k1ll3r/Downloads/hackBlox/Round02/data/train/undefined/pool_39f3ce.jpg,5,0.8540027,scratch_consensus_round2,1.0
1973,/home/h3r0-k1ll3r/Downloads/hackBlox/Round02/data/train/undefined/pool_3a0149.jpg,4,0.86737597,scratch_consensus_round2,1.0
1985,/home/h3r0-k1ll3r/Downloads/hackBlox/Round02/data/train/undefined/pool_3a6bbf.jpg,5,0.9561656,scratch_consensus_round2,1.0
1986,/home/h3r0-k1ll3r/Downloads/hackBlox/Round02/data/train/undefined/pool_3a7438.jpg,5,0.91918415,scratch_consensus_round2,1.0
1987,/home/h3r0-k1ll3r/Downloads/hackBlox/Round02/data/train/undefined/pool_3a7658.jpg,3,0.88029903,scratch_consensus_round2,1.0
1989,/home/h3r0-k1ll3r/Downloads/hackBlox/Round02/data/train/undefined/pool_3a87db.jpg,5,0.8575233,scratch_consensus_round2,1.0
2004,/home/h3r0-k1ll3r/Downloads/hackBlox/Round02/data/train/undefined/pool_3b0a91.jpg,5,0.90076244,scratch_consensus_round2,1.0
2008,/home/h3r0-k1ll3r/Downloads/hackBlox/Round02/data/train/undefined/pool_3b66d5.jpg,3,0.8932363,scratch_consensus_round2,1.0
2011,/home/h3r0-k1ll3r/Downloads/hackBlox/Round02/data/train/undefined/pool_3b7285.jpg,4,0.86239874,scratch_consensus_round2,1.0
2025,/home/h3r0-k1ll3r/Downloads/hackBlox/Round02/data/train/undefined/pool_3c566b.jpg,4,0.9392985,scratch_consensus_round2,1.0
2048,/home/h3r0-k1ll3r/Downloads/hackBlox/Round02/data/train/undefined/pool_3d0cd0.jpg,4,0.8732443,scratch_consensus_round2,1.0
2050,/home/h3r0-k1ll3r/Downloads/hackBlox/Round02/data/train/undefined/pool_3d1408.jpg,1,0.87256944,scratch_consensus_round2,1.0
2051,/home/h3r0-k1ll3r/Downloads/hackBlox/Round02/data/train/undefined/pool_3d2488.jpg,0,0.8615896,scratch_consensus_round2,1.0
2053,/home/h3r0-k1ll3r/Downloads/hackBlox/Round02/data/train/undefined/pool_3d32bf.jpg,1,0.8623103,scratch_consensus_round2,1.0
2056,/home/h3r0-k1ll3r/Downloads/hackBlox/Round02/data/train/undefined/pool_3d3e1b.jpg,3,0.89382666,scratch_consensus_round2,1.0
2072,/home/h3r0-k1ll3r/Downloads/hackBlox/Round02/data/train/undefined/pool_3de557.jpg,2,0.8572591,scratch_consensus_round2,1.0
2076,/home/h3r0-k1ll3r/Downloads/hackBlox/Round02/data/train/undefined/pool_3e04db.jpg,5,0.87976205,scratch_consensus_round2,1.0
2078,/home/h3r0-k1ll3r/Downloads/hackBlox/Round02/data/train/undefined/pool_3e23c9.jpg,4,0.9566945,scratch_consensus_round2,1.0
2079,/home/h3r0-k1ll3r/Downloads/hackBlox/Round02/data/train/undefined/pool_3e2d42.jpg,3,0.88072306,scratch_consensus_round2,1.0
2084,/home/h3r0-k1ll3r/Downloads/hackBlox/Round02/data/train/undefined/pool_3e41d4.jpg,1,0.9035944,scratch_consensus_round2,1.0
2086,/home/h3r0-k1ll3r/Downloads/hackBlox/Round02/data/train/undefined/pool_3e71c0.jpg,5,0.94952685,scratch_consensus_round2,1.0
2091,/home/h3r0-k1ll3r/Downloads/hackBlox/Round02/data/train/undefined/pool_3e9ffa.jpg,1,0.95005804,scratch_consensus_round2,1.0
2092,/home/h3r0-k1ll3r/Downloads/hackBlox/Round02/data/train/undefined/pool_3ea89c.jpg,1,0.9098518,scratch_consensus_round2,1.0
2115,/home/h3r0-k1ll3r/Downloads/hackBlox/Round02/data/train/undefined/pool_3f8820.jpg,4,0.889889,scratch_consensus_round2,1.0
2130,/home/h3r0-k1ll3r/Downloads/hackBlox/Round02/data/train/undefined/pool_4012bc.jpg,2,0.8994659,scratch_consensus_round2,1.0
2133,/home/h3r0-k1ll3r/Downloads/hackBlox/Round02/data/train/undefined/pool_403b83.jpg,4,0.9147825,scratch_consensus_round2,1.0
2138,/home/h3r0-k1ll3r/Downloads/hackBlox/Round02/data/train/undefined/pool_40903c.jpg,5,0.90516424,scratch_consensus_round2,1.0
2139,/home/h3r0-k1ll3r/Downloads/hackBlox/Round02/data/train/undefined/pool_409111.jpg,0,0.942682,scratch_consensus_round2,1.0
2145,/home/h3r0-k1ll3r/Downloads/hackBlox/Round02/data/train/undefined/pool_40ac7f.jpg,3,0.90951425,scratch_consensus_round2,1.0
2148,/home/h3r0-k1ll3r/Downloads/hackBlox/Round02/data/train/undefined/pool_410628.jpg,2,0.8788504,scratch_consensus_round2,1.0
2149,/home/h3r0-k1ll3r/Downloads/hackBlox/Round02/data/train/undefined/pool_41070c.jpg,5,0.8996235,scratch_consensus_round2,1.0
2153,/home/h3r0-k1ll3r/Downloads/hackBlox/Round02/data/train/undefined/pool_411d21.jpg,5,0.90831363,scratch_consensus_round2,1.0
2158,/home/h3r0-k1ll3r/Downloads/hackBlox/Round02/data/train/undefined/pool_412a48.jpg,4,0.8957356,scratch_consensus_round2,1.0
2159,/home/h3r0-k1ll3r/Downloads/hackBlox/Round02/data/train/undefined/pool_412cb2.jpg,5,0.90946454,scratch_consensus_round2,1.0
2162,/home/h3r0-k1ll3r/Downloads/hackBlox/Round02/data/train/undefined/pool_413edc.jpg,0,0.9396878,scratch_consensus_round2,1.0
2164,/home/h3r0-k1ll3r/Downloads/hackBlox/Round02/data/train/undefined/pool_414719.jpg,3,0.8642497,scratch_consensus_round2,1.0
2168,/home/h3r0-k1ll3r/Downloads/hackBlox/Round02/data/train/undefined/pool_41bd21.jpg,1,0.92539895,scratch_consensus_round2,1.0
2170,/home/h3r0-k1ll3r/Downloads/hackBlox/Round02/data/train/undefined/pool_421415.jpg,5,0.89934015,scratch_consensus_round2,1.0
2172,/home/h3r0-k1ll3r/Downloads/hackBlox/Round02/data/train/undefined/pool_4228e0.jpg,3,0.9447154,scratch_consensus_round2,1.0
2173,/home/h3r0-k1ll3r/Downloads/hackBlox/Round02/data/train/undefined/pool_4230fd.jpg,5,0.92257327,scratch_consensus_round2,1.0
2175,/home/h3r0-k1ll3r/Downloads/hackBlox/Round02/data/train/undefined/pool_424007.jpg,5,0.89007,scratch_consensus_round2,1.0
2179,/home/h3r0-k1ll3r/Downloads/hackBlox/Round02/data/train/undefined/pool_42866c.jpg,5,0.8531122,scratch_consensus_round2,1.0
2180,/home/h3r0-k1ll3r/Downloads/hackBlox/Round02/data/train/undefined/pool_428afd.jpg,5,0.87423563,scratch_consensus_round2,1.0
2181,/home/h3r0-k1ll3r/Downloads/hackBlox/Round02/data/train/undefined/pool_4295bf.jpg,2,0.92670286,scratch_consensus_round2,1.0
2196,/home/h3r0-k1ll3r/Downloads/hackBlox/Round02/data/train/undefined/pool_432f16.jpg,5,0.9153796,scratch_consensus_round2,1.0
2200,/home/h3r0-k1ll3r/Downloads/hackBlox/Round02/data/train/undefined/pool_4356cf.jpg,2,0.9252537,scratch_consensus_round2,1.0
2209,/home/h3r0-k1ll3r/Downloads/hackBlox/Round02/data/train/undefined/pool_43affe.jpg,1,0.85525554,scratch_consensus_round2,1.0
2212,/home/h3r0-k1ll3r/Downloads/hackBlox/Round02/data/train/undefined/pool_43cdc4.jpg,3,0.8544183,scratch_consensus_round2,1.0
2226,/home/h3r0-k1ll3r/Downloads/hackBlox/Round02/data/train/undefined/pool_445edb.jpg,5,0.9431636,scratch_consensus_round2,1.0
2233,/home/h3r0-k1ll3r/Downloads/hackBlox/Round02/data/train/undefined/pool_448b67.jpg,5,0.85584354,scratch_consensus_round2,1.0
2234,/home/h3r0-k1ll3r/Downloads/hackBlox/Round02/data/train/undefined/pool_448f6f.jpg,0,0.915664,scratch_consensus_round2,1.0
2246,/home/h3r0-k1ll3r/Downloads/hackBlox/Round02/data/train/undefined/pool_44f1b4.jpg,5,0.8805244,scratch_consensus_round2,1.0
2247,/home/h3r0-k1ll3r/Downloads/hackBlox/Round02/data/train/undefined/pool_45131c.jpg,3,0.91007566,scratch_consensus_round2,1.0
2255,/home/h3r0-k1ll3r/Downloads/hackBlox/Round02/data/train/undefined/pool_456a50.jpg,1,0.9236371,scratch_consensus_round2,1.0
2264,/home/h3r0-k1ll3r/Downloads/hackBlox/Round02/data/train/undefined/pool_45d01b.jpg,5,0.94342875,scratch_consensus_round2,1.0
2266,/home/h3r0-k1ll3r/Downloads/hackBlox/Round02/data/train/undefined/pool_45eddd.jpg,3,0.88959265,scratch_consensus_round2,1.0
2269,/home/h3r0-k1ll3r/Downloads/hackBlox/Round02/data/train/undefined/pool_4630d4.jpg,4,0.9064627,scratch_consensus_round2,1.0
2276,/home/h3r0-k1ll3r/Downloads/hackBlox/Round02/data/train/undefined/pool_4679b7.jpg,3,0.94283825,scratch_consensus_round2,1.0
2285,/home/h3r0-k1ll3r/Downloads/hackBlox/Round02/data/train/undefined/pool_46e234.jpg,2,0.9270138,scratch_consensus_round2,1.0
2297,/home/h3r0-k1ll3r/Downloads/hackBlox/Round02/data/train/undefined/pool_477cc2.jpg,3,0.86318547,scratch_consensus_round2,1.0
2298,/home/h3r0-k1ll3r/Downloads/hackBlox/Round02/data/train/undefined/pool_477f25.jpg,3,0.85769266,scratch_consensus_round2,1.0
2317,/home/h3r0-k1ll3r/Downloads/hackBlox/Round02/data/train/undefined/pool_480bfb.jpg,4,0.8689586,scratch_consensus_round2,1.0
2321,/home/h3r0-k1ll3r/Downloads/hackBlox/Round02/data/train/undefined/pool_483b1d.jpg,1,0.9023485,scratch_consensus_round2,1.0
2327,/home/h3r0-k1ll3r/Downloads/hackBlox/Round02/data/train/undefined/pool_487684.jpg,1,0.9035662,scratch_consensus_round2,1.0
2332,/home/h3r0-k1ll3r/Downloads/hackBlox/Round02/data/train/undefined/pool_48b68e.jpg,3,0.9370715,scratch_consensus_round2,1.0
2334,/home/h3r0-k1ll3r/Downloads/hackBlox/Round02/data/train/undefined/pool_48c134.jpg,2,0.8826362,scratch_consensus_round2,1.0
2337,/home/h3r0-k1ll3r/Downloads/hackBlox/Round02/data/train/undefined/pool_48da04.jpg,5,0.9518136,scratch_consensus_round2,1.0
2339,/home/h3r0-k1ll3r/Downloads/hackBlox/Round02/data/train/undefined/pool_48f93f.jpg,2,0.9043626,scratch_consensus_round2,1.0
2342,/home/h3r0-k1ll3r/Downloads/hackBlox/Round02/data/train/undefined/pool_4946dd.jpg,0,0.9216567,scratch_consensus_round2,1.0
2343,/home/h3r0-k1ll3r/Downloads/hackBlox/Round02/data/train/undefined/pool_4947bc.jpg,4,0.94130725,scratch_consensus_round2,1.0
2349,/home/h3r0-k1ll3r/Downloads/hackBlox/Round02/data/train/undefined/pool_499fdb.jpg,5,0.9765297,scratch_consensus_round2,1.0
2350,/home/h3r0-k1ll3r/Downloads/hackBlox/Round02/data/train/undefined/pool_49a2c4.jpg,1,0.9152781,scratch_consensus_round2,1.0
2352,/home/h3r0-k1ll3r/Downloads/hackBlox/Round02/data/train/undefined/pool_49ab9e.jpg,2,0.89752483,scratch_consensus_round2,1.0
2353,/home/h3r0-k1ll3r/Downloads/hackBlox/Round02/data/train/undefined/pool_49b16b.jpg,0,0.9117533,scratch_consensus_round2,1.0
2354,/home/h3r0-k1ll3r/Downloads/hackBlox/Round02/data/train/undefined/pool_49b5b6.jpg,1,0.9099461,scratch_consensus_round2,1.0
2362,/home/h3r0-k1ll3r/Downloads/hackBlox/Round02/data/train/undefined/pool_4a5248.jpg,3,0.89437294,scratch_consensus_round2,1.0
2367,/home/h3r0-k1ll3r/Downloads/hackBlox/Round02/data/train/undefined/pool_4a811d.jpg,1,0.8505011,scratch_consensus_round2,1.0
2384,/home/h3r0-k1ll3r/Downloads/hackBlox/Round02/data/train/undefined/pool_4b6e7a.jpg,0,0.8803442,scratch_consensus_round2,1.0
2385,/home/h3r0-k1ll3r/Downloads/hackBlox/Round02/data/train/undefined/pool_4b76c6.jpg,0,0.89153206,scratch_consensus_round2,1.0
2409,/home/h3r0-k1ll3r/Downloads/hackBlox/Round02/data/train/undefined/pool_4c1990.jpg,0,0.9264192,scratch_consensus_round2,1.0
2416,/home/h3r0-k1ll3r/Downloads/hackBlox/Round02/data/train/undefined/pool_4c4505.jpg,0,0.88676333,scratch_consensus_round2,1.0
2419,/home/h3r0-k1ll3r/Downloads/hackBlox/Round02/data/train/undefined/pool_4c6ad4.jpg,4,0.85936517,scratch_consensus_round2,1.0
2424,/home/h3r0-k1ll3r/Downloads/hackBlox/Round02/data/train/undefined/pool_4caaa2.jpg,2,0.85488147,scratch_consensus_round2,1.0
2426,/home/h3r0-k1ll3r/Downloads/hackBlox/Round02/data/train/undefined/pool_4cb510.jpg,3,0.8855277,scratch_consensus_round2,1.0
2427,/home/h3r0-k1ll3r/Downloads/hackBlox/Round02/data/train/undefined/pool_4cb542.jpg,1,0.87993366,scratch_consensus_round2,1.0
2429,/home/h3r0-k1ll3r/Downloads/hackBlox/Round02/data/train/undefined/pool_4cc39d.jpg,5,0.8639199,scratch_consensus_round2,1.0
2437,/home/h3r0-k1ll3r/Downloads/hackBlox/Round02/data/train/undefined/pool_4ce985.jpg,4,0.8930428,scratch_consensus_round2,1.0
2443,/home/h3r0-k1ll3r/Downloads/hackBlox/Round02/data/train/undefined/pool_4d5fa1.jpg,3,0.8697886,scratch_consensus_round2,1.0
2448,/home/h3r0-k1ll3r/Downloads/hackBlox/Round02/data/train/undefined/pool_4d900e.jpg,5,0.8537765,scratch_consensus_round2,1.0
2449,/home/h3r0-k1ll3r/Downloads/hackBlox/Round02/data/train/undefined/pool_4d9481.jpg,2,0.85727763,scratch_consensus_round2,1.0
2450,/home/h3r0-k1ll3r/Downloads/hackBlox/Round02/data/train/undefined/pool_4d95d3.jpg,5,0.91523665,scratch_consensus_round2,1.0
2452,/home/h3r0-k1ll3r/Downloads/hackBlox/Round02/data/train/undefined/pool_4d9929.jpg,5,0.9114957,scratch_consensus_round2,1.0
2453,/home/h3r0-k1ll3r/Downloads/hackBlox/Round02/data/train/undefined/pool_4da55f.jpg,4,0.9244047,scratch_consensus_round2,1.0
2458,/home/h3r0-k1ll3r/Downloads/hackBlox/Round02/data/train/undefined/pool_4df8ba.jpg,2,0.9215476,scratch_consensus_round2,1.0
2476,/home/h3r0-k1ll3r/Downloads/hackBlox/Round02/data/train/undefined/pool_4f38a7.jpg,1,0.8970688,scratch_consensus_round2,1.0
2478,/home/h3r0-k1ll3r/Downloads/hackBlox/Round02/data/train/undefined/pool_4f60cc.jpg,4,0.86136764,scratch_consensus_round2,1.0
2479,/home/h3r0-k1ll3r/Downloads/hackBlox/Round02/data/train/undefined/pool_4f6297.jpg,2,0.91733724,scratch_consensus_round2,1.0
2480,/home/h3r0-k1ll3r/Downloads/hackBlox/Round02/data/train/undefined/pool_4f7346.jpg,1,0.8520427,scratch_consensus_round2,1.0
2485,/home/h3r0-k1ll3r/Downloads/hackBlox/Round02/data/train/undefined/pool_4fad41.jpg,3,0.94221807,scratch_consensus_round2,1.0
2508,/home/h3r0-k1ll3r/Downloads/hackBlox/Round02/data/train/undefined/pool_5075cd.jpg,5,0.93122405,scratch_consensus_round2,1.0
2527,/home/h3r0-k1ll3r/Downloads/hackBlox/Round02/data/train/undefined/pool_512a01.jpg,5,0.9047074,scratch_consensus_round2,1.0
2528,/home/h3r0-k1ll3r/Downloads/hackBlox/Round02/data/train/undefined/pool_513380.jpg,2,0.8764299,scratch_consensus_round2,1.0
2530,/home/h3r0-k1ll3r/Downloads/hackBlox/Round02/data/train/undefined/pool_514cbb.jpg,5,0.96757454,scratch_consensus_round2,1.0
2534,/home/h3r0-k1ll3r/Downloads/hackBlox/Round02/data/train/undefined/pool_519b1d.jpg,3,0.8695343,scratch_consensus_round2,1.0
2535,/home/h3r0-k1ll3r/Downloads/hackBlox/Round02/data/train/undefined/pool_51a3a5.jpg,3,0.8745824,scratch_consensus_round2,1.0
2540,/home/h3r0-k1ll3r/Downloads/hackBlox/Round02/data/train/undefined/pool_51b8c9.jpg,4,0.9398587,scratch_consensus_round2,1.0
2541,/home/h3r0-k1ll3r/Downloads/hackBlox/Round02/data/train/undefined/pool_51bf69.jpg,4,0.94743097,scratch_consensus_round2,1.0
2548,/home/h3r0-k1ll3r/Downloads/hackBlox/Round02/data/train/undefined/pool_52142c.jpg,2,0.9011726,scratch_consensus_round2,1.0
2550,/home/h3r0-k1ll3r/Downloads/hackBlox/Round02/data/train/undefined/pool_523b0b.jpg,0,0.8575836,scratch_consensus_round2,1.0
2562,/home/h3r0-k1ll3r/Downloads/hackBlox/Round02/data/train/undefined/pool_52c459.jpg,0,0.92450696,scratch_consensus_round2,1.0
2565,/home/h3r0-k1ll3r/Downloads/hackBlox/Round02/data/train/undefined/pool_52e290.jpg,1,0.8777291,scratch_consensus_round2,1.0
2569,/home/h3r0-k1ll3r/Downloads/hackBlox/Round02/data/train/undefined/pool_533892.jpg,5,0.9559152,scratch_consensus_round2,1.0
2575,/home/h3r0-k1ll3r/Downloads/hackBlox/Round02/data/train/undefined/pool_5355da.jpg,2,0.85351634,scratch_consensus_round2,1.0
2586,/home/h3r0-k1ll3r/Downloads/hackBlox/Round02/data/train/undefined/pool_53b7fa.jpg,0,0.9187227,scratch_consensus_round2,1.0
2589,/home/h3r0-k1ll3r/Downloads/hackBlox/Round02/data/train/undefined/pool_53ba2b.jpg,4,0.9511213,scratch_consensus_round2,1.0
2596,/home/h3r0-k1ll3r/Downloads/hackBlox/Round02/data/train/undefined/pool_5416af.jpg,5,0.952519,scratch_consensus_round2,1.0
2605,/home/h3r0-k1ll3r/Downloads/hackBlox/Round02/data/train/undefined/pool_547388.jpg,2,0.92168397,scratch_consensus_round2,1.0
2609,/home/h3r0-k1ll3r/Downloads/hackBlox/Round02/data/train/undefined/pool_54ac0a.jpg,1,0.9023292,scratch_consensus_round2,1.0
2610,/home/h3r0-k1ll3r/Downloads/hackBlox/Round02/data/train/undefined/pool_54b097.jpg,0,0.86192894,scratch_consensus_round2,1.0
2611,/home/h3r0-k1ll3r/Downloads/hackBlox/Round02/data/train/undefined/pool_54b5a3.jpg,2,0.8521802,scratch_consensus_round2,1.0
2614,/home/h3r0-k1ll3r/Downloads/hackBlox/Round02/data/train/undefined/pool_54d10c.jpg,5,0.94294095,scratch_consensus_round2,1.0
2625,/home/h3r0-k1ll3r/Downloads/hackBlox/Round02/data/train/undefined/pool_55385b.jpg,5,0.92025083,scratch_consensus_round2,1.0
2629,/home/h3r0-k1ll3r/Downloads/hackBlox/Round02/data/train/undefined/pool_556c96.jpg,1,0.90751857,scratch_consensus_round2,1.0
2631,/home/h3r0-k1ll3r/Downloads/hackBlox/Round02/data/train/undefined/pool_557ce7.jpg,1,0.9567945,scratch_consensus_round2,1.0
2639,/home/h3r0-k1ll3r/Downloads/hackBlox/Round02/data/train/undefined/pool_55b177.jpg,3,0.90179706,scratch_consensus_round2,1.0
2643,/home/h3r0-k1ll3r/Downloads/hackBlox/Round02/data/train/undefined/pool_55d7c1.jpg,0,0.9091839,scratch_consensus_round2,1.0
2650,/home/h3r0-k1ll3r/Downloads/hackBlox/Round02/data/train/undefined/pool_5646fb.jpg,1,0.90561956,scratch_consensus_round2,1.0
2665,/home/h3r0-k1ll3r/Downloads/hackBlox/Round02/data/train/undefined/pool_56dd71.jpg,4,0.921632,scratch_consensus_round2,1.0
2666,/home/h3r0-k1ll3r/Downloads/hackBlox/Round02/data/train/undefined/pool_56e1f0.jpg,1,0.87079895,scratch_consensus_round2,1.0
2667,/home/h3r0-k1ll3r/Downloads/hackBlox/Round02/data/train/undefined/pool_56efcc.jpg,4,0.88298774,scratch_consensus_round2,1.0
2678,/home/h3r0-k1ll3r/Downloads/hackBlox/Round02/data/train/undefined/pool_5772e2.jpg,3,0.9057,scratch_consensus_round2,1.0
2679,/home/h3r0-k1ll3r/Downloads/hackBlox/Round02/data/train/undefined/pool_578023.jpg,1,0.92999035,scratch_consensus_round2,1.0
2680,/home/h3r0-k1ll3r/Downloads/hackBlox/Round02/data/train/undefined/pool_578098.jpg,2,0.85598636,scratch_consensus_round2,1.0
2681,/home/h3r0-k1ll3r/Downloads/hackBlox/Round02/data/train/undefined/pool_5783e4.jpg,5,0.86955273,scratch_consensus_round2,1.0
2688,/home/h3r0-k1ll3r/Downloads/hackBlox/Round02/data/train/undefined/pool_57dcbc.jpg,3,0.8833133,scratch_consensus_round2,1.0
2693,/home/h3r0-k1ll3r/Downloads/hackBlox/Round02/data/train/undefined/pool_581b2d.jpg,4,0.95453966,scratch_consensus_round2,1.0
2706,/home/h3r0-k1ll3r/Downloads/hackBlox/Round02/data/train/undefined/pool_58cbf8.jpg,5,0.95592237,scratch_consensus_round2,1.0
2709,/home/h3r0-k1ll3r/Downloads/hackBlox/Round02/data/train/undefined/pool_58e324.jpg,2,0.92958874,scratch_consensus_round2,1.0
2712,/home/h3r0-k1ll3r/Downloads/hackBlox/Round02/data/train/undefined/pool_58e9c8.jpg,5,0.9249007,scratch_consensus_round2,1.0
2717,/home/h3r0-k1ll3r/Downloads/hackBlox/Round02/data/train/undefined/pool_59144d.jpg,4,0.92283297,scratch_consensus_round2,1.0
2722,/home/h3r0-k1ll3r/Downloads/hackBlox/Round02/data/train/undefined/pool_596d66.jpg,3,0.85065204,scratch_consensus_round2,1.0
2729,/home/h3r0-k1ll3r/Downloads/hackBlox/Round02/data/train/undefined/pool_59a875.jpg,5,0.8765576,scratch_consensus_round2,1.0
2737,/home/h3r0-k1ll3r/Downloads/hackBlox/Round02/data/train/undefined/pool_59ebbb.jpg,4,0.87058735,scratch_consensus_round2,1.0
2738,/home/h3r0-k1ll3r/Downloads/hackBlox/Round02/data/train/undefined/pool_5a0075.jpg,1,0.9320972,scratch_consensus_round2,1.0
2744,/home/h3r0-k1ll3r/Downloads/hackBlox/Round02/data/train/undefined/pool_5a381a.jpg,3,0.85764766,scratch_consensus_round2,1.0
2746,/home/h3r0-k1ll3r/Downloads/hackBlox/Round02/data/train/undefined/pool_5a3dbd.jpg,5,0.95857906,scratch_consensus_round2,1.0
2763,/home/h3r0-k1ll3r/Downloads/hackBlox/Round02/data/train/undefined/pool_5b0e32.jpg,0,0.86817354,scratch_consensus_round2,1.0
2764,/home/h3r0-k1ll3r/Downloads/hackBlox/Round02/data/train/undefined/pool_5b1071.jpg,3,0.9220069,scratch_consensus_round2,1.0
2771,/home/h3r0-k1ll3r/Downloads/hackBlox/Round02/data/train/undefined/pool_5b50ec.jpg,5,0.8639634,scratch_consensus_round2,1.0
2777,/home/h3r0-k1ll3r/Downloads/hackBlox/Round02/data/train/undefined/pool_5b6d5b.jpg,3,0.856216,scratch_consensus_round2,1.0
2782,/home/h3r0-k1ll3r/Downloads/hackBlox/Round02/data/train/undefined/pool_5bd5cf.jpg,1,0.89080477,scratch_consensus_round2,1.0
2784,/home/h3r0-k1ll3r/Downloads/hackBlox/Round02/data/train/undefined/pool_5c061d.jpg,5,0.86317354,scratch_consensus_round2,1.0
2790,/home/h3r0-k1ll3r/Downloads/hackBlox/Round02/data/train/undefined/pool_5c4879.jpg,4,0.9749444,scratch_consensus_round2,1.0
2792,/home/h3r0-k1ll3r/Downloads/hackBlox/Round02/data/train/undefined/pool_5c5676.jpg,3,0.8510613,scratch_consensus_round2,1.0
2794,/home/h3r0-k1ll3r/Downloads/hackBlox/Round02/data/train/undefined/pool_5c6fac.jpg,4,0.90440553,scratch_consensus_round2,1.0
2801,/home/h3r0-k1ll3r/Downloads/hackBlox/Round02/data/train/undefined/pool_5cad32.jpg,2,0.8578315,scratch_consensus_round2,1.0
2803,/home/h3r0-k1ll3r/Downloads/hackBlox/Round02/data/train/undefined/pool_5cae8e.jpg,5,0.8953324,scratch_consensus_round2,1.0
2804,/home/h3r0-k1ll3r/Downloads/hackBlox/Round02/data/train/undefined/pool_5cafd8.jpg,3,0.85410297,scratch_consensus_round2,1.0
2808,/home/h3r0-k1ll3r/Downloads/hackBlox/Round02/data/train/undefined/pool_5cc0b7.jpg,3,0.8776593,scratch_consensus_round2,1.0
2811,/home/h3r0-k1ll3r/Downloads/hackBlox/Round02/data/train/undefined/pool_5cdce5.jpg,4,0.94016445,scratch_consensus_round2,1.0
2812,/home/h3r0-k1ll3r/Downloads/hackBlox/Round02/data/train/undefined/pool_5ceabe.jpg,4,0.85541636,scratch_consensus_round2,1.0
2818,/home/h3r0-k1ll3r/Downloads/hackBlox/Round02/data/train/undefined/pool_5d67b1.jpg,1,0.91270304,scratch_consensus_round2,1.0
2822,/home/h3r0-k1ll3r/Downloads/hackBlox/Round02/data/train/undefined/pool_5d8036.jpg,3,0.9306307,scratch_consensus_round2,1.0
2823,/home/h3r0-k1ll3r/Downloads/hackBlox/Round02/data/train/undefined/pool_5d8f64.jpg,1,0.8790721,scratch_consensus_round2,1.0
2828,/home/h3r0-k1ll3r/Downloads/hackBlox/Round02/data/train/undefined/pool_5db511.jpg,1,0.8789776,scratch_consensus_round2,1.0
2829,/home/h3r0-k1ll3r/Downloads/hackBlox/Round02/data/train/undefined/pool_5db81c.jpg,0,0.9011925,scratch_consensus_round2,1.0
2831,/home/h3r0-k1ll3r/Downloads/hackBlox/Round02/data/train/undefined/pool_5dc695.jpg,1,0.8583217,scratch_consensus_round2,1.0
2835,/home/h3r0-k1ll3r/Downloads/hackBlox/Round02/data/train/undefined/pool_5dd7e9.jpg,5,0.92137057,scratch_consensus_round2,1.0
2840,/home/h3r0-k1ll3r/Downloads/hackBlox/Round02/data/train/undefined/pool_5e09c7.jpg,3,0.92443204,scratch_consensus_round2,1.0
2851,/home/h3r0-k1ll3r/Downloads/hackBlox/Round02/data/train/undefined/pool_5e7cc9.jpg,4,0.89181364,scratch_consensus_round2,1.0
2852,/home/h3r0-k1ll3r/Downloads/hackBlox/Round02/data/train/undefined/pool_5e7daa.jpg,4,0.92038167,scratch_consensus_round2,1.0
2861,/home/h3r0-k1ll3r/Downloads/hackBlox/Round02/data/train/undefined/pool_5eeff5.jpg,2,0.87185436,scratch_consensus_round2,1.0
2863,/home/h3r0-k1ll3r/Downloads/hackBlox/Round02/data/train/undefined/pool_5f059d.jpg,1,0.8904463,scratch_consensus_round2,1.0
2867,/home/h3r0-k1ll3r/Downloads/hackBlox/Round02/data/train/undefined/pool_5f34e4.jpg,4,0.9176323,scratch_consensus_round2,1.0
2872,/home/h3r0-k1ll3r/Downloads/hackBlox/Round02/data/train/undefined/pool_5f858a.jpg,5,0.905285,scratch_consensus_round2,1.0
2875,/home/h3r0-k1ll3r/Downloads/hackBlox/Round02/data/train/undefined/pool_5fbaf0.jpg,3,0.87804365,scratch_consensus_round2,1.0
2876,/home/h3r0-k1ll3r/Downloads/hackBlox/Round02/data/train/undefined/pool_5fbed0.jpg,4,0.95187384,scratch_consensus_round2,1.0
2879,/home/h3r0-k1ll3r/Downloads/hackBlox/Round02/data/train/undefined/pool_5ff160.jpg,1,0.8735893,scratch_consensus_round2,1.0
2880,/home/h3r0-k1ll3r/Downloads/hackBlox/Round02/data/train/undefined/pool_600043.jpg,4,0.96329665,scratch_consensus_round2,1.0
2882,/home/h3r0-k1ll3r/Downloads/hackBlox/Round02/data/train/undefined/pool_6005cb.jpg,5,0.9363688,scratch_consensus_round2,1.0
2885,/home/h3r0-k1ll3r/Downloads/hackBlox/Round02/data/train/undefined/pool_604744.jpg,0,0.85072637,scratch_consensus_round2,1.0
2891,/home/h3r0-k1ll3r/Downloads/hackBlox/Round02/data/train/undefined/pool_60860b.jpg,4,0.92491937,scratch_consensus_round2,1.0
2894,/home/h3r0-k1ll3r/Downloads/hackBlox/Round02/data/train/undefined/pool_60ae64.jpg,3,0.86012363,scratch_consensus_round2,1.0
2897,/home/h3r0-k1ll3r/Downloads/hackBlox/Round02/data/train/undefined/pool_60c04f.jpg,3,0.94156355,scratch_consensus_round2,1.0
2910,/home/h3r0-k1ll3r/Downloads/hackBlox/Round02/data/train/undefined/pool_6107d7.jpg,1,0.88945353,scratch_consensus_round2,1.0
2922,/home/h3r0-k1ll3r/Downloads/hackBlox/Round02/data/train/undefined/pool_616224.jpg,5,0.86006105,scratch_consensus_round2,1.0
2923,/home/h3r0-k1ll3r/Downloads/hackBlox/Round02/data/train/undefined/pool_616676.jpg,3,0.9477913,scratch_consensus_round2,1.0
2927,/home/h3r0-k1ll3r/Downloads/hackBlox/Round02/data/train/undefined/pool_618d7b.jpg,4,0.90612155,scratch_consensus_round2,1.0
2938,/home/h3r0-k1ll3r/Downloads/hackBlox/Round02/data/train/undefined/pool_61f32f.jpg,0,0.85657895,scratch_consensus_round2,1.0
2947,/home/h3r0-k1ll3r/Downloads/hackBlox/Round02/data/train/undefined/pool_6228ab.jpg,5,0.9263038,scratch_consensus_round2,1.0
2951,/home/h3r0-k1ll3r/Downloads/hackBlox/Round02/data/train/undefined/pool_625d93.jpg,2,0.8762016,scratch_consensus_round2,1.0
2953,/home/h3r0-k1ll3r/Downloads/hackBlox/Round02/data/train/undefined/pool_627069.jpg,2,0.9122333,scratch_consensus_round2,1.0
2957,/home/h3r0-k1ll3r/Downloads/hackBlox/Round02/data/train/undefined/pool_628ba7.jpg,3,0.9154811,scratch_consensus_round2,1.0
2964,/home/h3r0-k1ll3r/Downloads/hackBlox/Round02/data/train/undefined/pool_62fa4d.jpg,2,0.93005204,scratch_consensus_round2,1.0
2979,/home/h3r0-k1ll3r/Downloads/hackBlox/Round02/data/train/undefined/pool_638b3b.jpg,5,0.896187,scratch_consensus_round2,1.0
2984,/home/h3r0-k1ll3r/Downloads/hackBlox/Round02/data/train/undefined/pool_63acbe.jpg,3,0.91159457,scratch_consensus_round2,1.0
2986,/home/h3r0-k1ll3r/Downloads/hackBlox/Round02/data/train/undefined/pool_63b52c.jpg,1,0.9410752,scratch_consensus_round2,1.0
2987,/home/h3r0-k1ll3r/Downloads/hackBlox/Round02/data/train/undefined/pool_63b895.jpg,0,0.919008,scratch_consensus_round2,1.0
2995,/home/h3r0-k1ll3r/Downloads/hackBlox/Round02/data/train/undefined/pool_63fdb0.jpg,4,0.85662305,scratch_consensus_round2,1.0
2997,/home/h3r0-k1ll3r/Downloads/hackBlox/Round02/data/train/undefined/pool_640b18.jpg,1,0.8900906,scratch_consensus_round2,1.0
2998,/home/h3r0-k1ll3r/Downloads/hackBlox/Round02/data/train/undefined/pool_640d4f.jpg,1,0.89065045,scratch_consensus_round2,1.0
3004,/home/h3r0-k1ll3r/Downloads/hackBlox/Round02/data/train/undefined/pool_645240.jpg,0,0.9520213,scratch_consensus_round2,1.0
3021,/home/h3r0-k1ll3r/Downloads/hackBlox/Round02/data/train/undefined/pool_64e878.jpg,0,0.8741231,scratch_consensus_round2,1.0
3022,/home/h3r0-k1ll3r/Downloads/hackBlox/Round02/data/train/undefined/pool_64f9ca.jpg,5,0.919004,scratch_consensus_round2,1.0
3028,/home/h3r0-k1ll3r/Downloads/hackBlox/Round02/data/train/undefined/pool_651f6b.jpg,3,0.89613503,scratch_consensus_round2,1.0
3033,/home/h3r0-k1ll3r/Downloads/hackBlox/Round02/data/train/undefined/pool_657592.jpg,4,0.9032589,scratch_consensus_round2,1.0
3035,/home/h3r0-k1ll3r/Downloads/hackBlox/Round02/data/train/undefined/pool_6586ce.jpg,4,0.8995605,scratch_consensus_round2,1.0
3036,/home/h3r0-k1ll3r/Downloads/hackBlox/Round02/data/train/undefined/pool_659254.jpg,5,0.94110245,scratch_consensus_round2,1.0
3039,/home/h3r0-k1ll3r/Downloads/hackBlox/Round02/data/train/undefined/pool_65dcfe.jpg,5,0.8636898,scratch_consensus_round2,1.0
3047,/home/h3r0-k1ll3r/Downloads/hackBlox/Round02/data/train/undefined/pool_665618.jpg,3,0.9275754,scratch_consensus_round2,1.0
3048,/home/h3r0-k1ll3r/Downloads/hackBlox/Round02/data/train/undefined/pool_666697.jpg,5,0.88532984,scratch_consensus_round2,1.0
3051,/home/h3r0-k1ll3r/Downloads/hackBlox/Round02/data/train/undefined/pool_6679de.jpg,1,0.9087761,scratch_consensus_round2,1.0
3052,/home/h3r0-k1ll3r/Downloads/hackBlox/Round02/data/train/undefined/pool_668370.jpg,1,0.9102902,scratch_consensus_round2,1.0
3066,/home/h3r0-k1ll3r/Downloads/hackBlox/Round02/data/train/undefined/pool_6707a3.jpg,1,0.9224698,scratch_consensus_round2,1.0
3067,/home/h3r0-k1ll3r/Downloads/hackBlox/Round02/data/train/undefined/pool_672dff.jpg,4,0.9343604,scratch_consensus_round2,1.0
3069,/home/h3r0-k1ll3r/Downloads/hackBlox/Round02/data/train/undefined/pool_673e55.jpg,4,0.8683274,scratch_consensus_round2,1.0
3072,/home/h3r0-k1ll3r/Downloads/hackBlox/Round02/data/train/undefined/pool_6783cb.jpg,5,0.93155086,scratch_consensus_round2,1.0
3073,/home/h3r0-k1ll3r/Downloads/hackBlox/Round02/data/train/undefined/pool_6784b5.jpg,2,0.9400963,scratch_consensus_round2,1.0
3074,/home/h3r0-k1ll3r/Downloads/hackBlox/Round02/data/train/undefined/pool_678b6a.jpg,3,0.8858225,scratch_consensus_round2,1.0
3077,/home/h3r0-k1ll3r/Downloads/hackBlox/Round02/data/train/undefined/pool_679ccf.jpg,5,0.9318143,scratch_consensus_round2,1.0
3079,/home/h3r0-k1ll3r/Downloads/hackBlox/Round02/data/train/undefined/pool_67c83a.jpg,4,0.933085,scratch_consensus_round2,1.0
3087,/home/h3r0-k1ll3r/Downloads/hackBlox/Round02/data/train/undefined/pool_680a3c.jpg,1,0.8707013,scratch_consensus_round2,1.0
3092,/home/h3r0-k1ll3r/Downloads/hackBlox/Round02/data/train/undefined/pool_682bf7.jpg,1,0.88538474,scratch_consensus_round2,1.0
3097,/home/h3r0-k1ll3r/Downloads/hackBlox/Round02/data/train/undefined/pool_685ec2.jpg,1,0.8583239,scratch_consensus_round2,1.0
3106,/home/h3r0-k1ll3r/Downloads/hackBlox/Round02/data/train/undefined/pool_688b0d.jpg,2,0.8973567,scratch_consensus_round2,1.0
3108,/home/h3r0-k1ll3r/Downloads/hackBlox/Round02/data/train/undefined/pool_6894a7.jpg,4,0.9128124,scratch_consensus_round2,1.0
3110,/home/h3r0-k1ll3r/Downloads/hackBlox/Round02/data/train/undefined/pool_68b572.jpg,4,0.943152,scratch_consensus_round2,1.0
3117,/home/h3r0-k1ll3r/Downloads/hackBlox/Round02/data/train/undefined/pool_68eae1.jpg,2,0.92226136,scratch_consensus_round2,1.0
3122,/home/h3r0-k1ll3r/Downloads/hackBlox/Round02/data/train/undefined/pool_690cdc.jpg,0,0.90866894,scratch_consensus_round2,1.0
3125,/home/h3r0-k1ll3r/Downloads/hackBlox/Round02/data/train/undefined/pool_691f08.jpg,0,0.8762348,scratch_consensus_round2,1.0
3126,/home/h3r0-k1ll3r/Downloads/hackBlox/Round02/data/train/undefined/pool_6921bf.jpg,3,0.85188,scratch_consensus_round2,1.0
3127,/home/h3r0-k1ll3r/Downloads/hackBlox/Round02/data/train/undefined/pool_692891.jpg,1,0.95755196,scratch_consensus_round2,1.0
3131,/home/h3r0-k1ll3r/Downloads/hackBlox/Round02/data/train/undefined/pool_697afe.jpg,5,0.905128,scratch_consensus_round2,1.0
3140,/home/h3r0-k1ll3r/Downloads/hackBlox/Round02/data/train/undefined/pool_69cb1b.jpg,5,0.863298,scratch_consensus_round2,1.0
3145,/home/h3r0-k1ll3r/Downloads/hackBlox/Round02/data/train/undefined/pool_69fc75.jpg,1,0.8522678,scratch_consensus_round2,1.0
3147,/home/h3r0-k1ll3r/Downloads/hackBlox/Round02/data/train/undefined/pool_6a1deb.jpg,2,0.91072345,scratch_consensus_round2,1.0
3148,/home/h3r0-k1ll3r/Downloads/hackBlox/Round02/data/train/undefined/pool_6a2117.jpg,2,0.88843817,scratch_consensus_round2,1.0
3150,/home/h3r0-k1ll3r/Downloads/hackBlox/Round02/data/train/undefined/pool_6a428c.jpg,5,0.85946107,scratch_consensus_round2,1.0
3175,/home/h3r0-k1ll3r/Downloads/hackBlox/Round02/data/train/undefined/pool_6b26bf.jpg,4,0.9243616,scratch_consensus_round2,1.0
3180,/home/h3r0-k1ll3r/Downloads/hackBlox/Round02/data/train/undefined/pool_6b5896.jpg,5,0.9381271,scratch_consensus_round2,1.0
3183,/home/h3r0-k1ll3r/Downloads/hackBlox/Round02/data/train/undefined/pool_6b7a67.jpg,3,0.9290634,scratch_consensus_round2,1.0
3185,/home/h3r0-k1ll3r/Downloads/hackBlox/Round02/data/train/undefined/pool_6ba7b4.jpg,4,0.9038851,scratch_consensus_round2,1.0
3186,/home/h3r0-k1ll3r/Downloads/hackBlox/Round02/data/train/undefined/pool_6ba8e8.jpg,4,0.92139435,scratch_consensus_round2,1.0
3189,/home/h3r0-k1ll3r/Downloads/hackBlox/Round02/data/train/undefined/pool_6bdf30.jpg,0,0.8731042,scratch_consensus_round2,1.0
3190,/home/h3r0-k1ll3r/Downloads/hackBlox/Round02/data/train/undefined/pool_6be6f2.jpg,5,0.8524171,scratch_consensus_round2,1.0
3193,/home/h3r0-k1ll3r/Downloads/hackBlox/Round02/data/train/undefined/pool_6c0043.jpg,5,0.9049834,scratch_consensus_round2,1.0
3197,/home/h3r0-k1ll3r/Downloads/hackBlox/Round02/data/train/undefined/pool_6c1440.jpg,5,0.9055861,scratch_consensus_round2,1.0
3199,/home/h3r0-k1ll3r/Downloads/hackBlox/Round02/data/train/undefined/pool_6c29ac.jpg,4,0.8965859,scratch_consensus_round2,1.0
3201,/home/h3r0-k1ll3r/Downloads/hackBlox/Round02/data/train/undefined/pool_6c2f48.jpg,2,0.89593774,scratch_consensus_round2,1.0
3203,/home/h3r0-k1ll3r/Downloads/hackBlox/Round02/data/train/undefined/pool_6c6781.jpg,4,0.95366216,scratch_consensus_round2,1.0
3204,/home/h3r0-k1ll3r/Downloads/hackBlox/Round02/data/train/undefined/pool_6c7af1.jpg,5,0.91684026,scratch_consensus_round2,1.0
3210,/home/h3r0-k1ll3r/Downloads/hackBlox/Round02/data/train/undefined/pool_6c9b89.jpg,3,0.8546149,scratch_consensus_round2,1.0
3213,/home/h3r0-k1ll3r/Downloads/hackBlox/Round02/data/train/undefined/pool_6cbf04.jpg,4,0.9074372,scratch_consensus_round2,1.0
3222,/home/h3r0-k1ll3r/Downloads/hackBlox/Round02/data/train/undefined/pool_6d2478.jpg,3,0.8738582,scratch_consensus_round2,1.0
3227,/home/h3r0-k1ll3r/Downloads/hackBlox/Round02/data/train/undefined/pool_6d7a81.jpg,3,0.9157053,scratch_consensus_round2,1.0
3229,/home/h3r0-k1ll3r/Downloads/hackBlox/Round02/data/train/undefined/pool_6d7bd8.jpg,1,0.9033804,scratch_consensus_round2,1.0
3232,/home/h3r0-k1ll3r/Downloads/hackBlox/Round02/data/train/undefined/pool_6d9b27.jpg,5,0.8868928,scratch_consensus_round2,1.0
3234,/home/h3r0-k1ll3r/Downloads/hackBlox/Round02/data/train/undefined/pool_6dbf18.jpg,4,0.8664348,scratch_consensus_round2,1.0
3237,/home/h3r0-k1ll3r/Downloads/hackBlox/Round02/data/train/undefined/pool_6ddfbb.jpg,3,0.94664353,scratch_consensus_round2,1.0
3238,/home/h3r0-k1ll3r/Downloads/hackBlox/Round02/data/train/undefined/pool_6deb33.jpg,5,0.89670825,scratch_consensus_round2,1.0
3241,/home/h3r0-k1ll3r/Downloads/hackBlox/Round02/data/train/undefined/pool_6df092.jpg,5,0.9554356,scratch_consensus_round2,1.0
3244,/home/h3r0-k1ll3r/Downloads/hackBlox/Round02/data/train/undefined/pool_6dfc00.jpg,1,0.8933933,scratch_consensus_round2,1.0
3247,/home/h3r0-k1ll3r/Downloads/hackBlox/Round02/data/train/undefined/pool_6e0e36.jpg,0,0.95977324,scratch_consensus_round2,1.0
3256,/home/h3r0-k1ll3r/Downloads/hackBlox/Round02/data/train/undefined/pool_6e7b3e.jpg,5,0.9093467,scratch_consensus_round2,1.0
3270,/home/h3r0-k1ll3r/Downloads/hackBlox/Round02/data/train/undefined/pool_6f02c4.jpg,1,0.8613866,scratch_consensus_round2,1.0
3271,/home/h3r0-k1ll3r/Downloads/hackBlox/Round02/data/train/undefined/pool_6f1ee7.jpg,0,0.8715218,scratch_consensus_round2,1.0
3274,/home/h3r0-k1ll3r/Downloads/hackBlox/Round02/data/train/undefined/pool_6f5d6f.jpg,1,0.87060857,scratch_consensus_round2,1.0
3281,/home/h3r0-k1ll3r/Downloads/hackBlox/Round02/data/train/undefined/pool_6f7dc8.jpg,3,0.90163624,scratch_consensus_round2,1.0
3282,/home/h3r0-k1ll3r/Downloads/hackBlox/Round02/data/train/undefined/pool_6f7e8a.jpg,3,0.90646917,scratch_consensus_round2,1.0
3292,/home/h3r0-k1ll3r/Downloads/hackBlox/Round02/data/train/undefined/pool_7042c2.jpg,3,0.92531717,scratch_consensus_round2,1.0
3303,/home/h3r0-k1ll3r/Downloads/hackBlox/Round02/data/train/undefined/pool_70a493.jpg,5,0.8580731,scratch_consensus_round2,1.0
3308,/home/h3r0-k1ll3r/Downloads/hackBlox/Round02/data/train/undefined/pool_70fa96.jpg,4,0.94402087,scratch_consensus_round2,1.0
3314,/home/h3r0-k1ll3r/Downloads/hackBlox/Round02/data/train/undefined/pool_7131db.jpg,3,0.9476978,scratch_consensus_round2,1.0
3333,/home/h3r0-k1ll3r/Downloads/hackBlox/Round02/data/train/undefined/pool_71f10d.jpg,5,0.8942056,scratch_consensus_round2,1.0
3334,/home/h3r0-k1ll3r/Downloads/hackBlox/Round02/data/train/undefined/pool_71f236.jpg,2,0.9342431,scratch_consensus_round2,1.0
3335,/home/h3r0-k1ll3r/Downloads/hackBlox/Round02/data/train/undefined/pool_7204e7.jpg,5,0.8997744,scratch_consensus_round2,1.0
3336,/home/h3r0-k1ll3r/Downloads/hackBlox/Round02/data/train/undefined/pool_720dcd.jpg,3,0.94642526,scratch_consensus_round2,1.0
3338,/home/h3r0-k1ll3r/Downloads/hackBlox/Round02/data/train/undefined/pool_7246f6.jpg,1,0.8717558,scratch_consensus_round2,1.0
3343,/home/h3r0-k1ll3r/Downloads/hackBlox/Round02/data/train/undefined/pool_726fc8.jpg,5,0.8778573,scratch_consensus_round2,1.0
3344,/home/h3r0-k1ll3r/Downloads/hackBlox/Round02/data/train/undefined/pool_727122.jpg,4,0.9477271,scratch_consensus_round2,1.0
3347,/home/h3r0-k1ll3r/Downloads/hackBlox/Round02/data/train/undefined/pool_728679.jpg,4,0.867116,scratch_consensus_round2,1.0
3349,/home/h3r0-k1ll3r/Downloads/hackBlox/Round02/data/train/undefined/pool_72a913.jpg,4,0.87777615,scratch_consensus_round2,1.0
3355,/home/h3r0-k1ll3r/Downloads/hackBlox/Round02/data/train/undefined/pool_72f234.jpg,2,0.9164359,scratch_consensus_round2,1.0
3361,/home/h3r0-k1ll3r/Downloads/hackBlox/Round02/data/train/undefined/pool_731403.jpg,0,0.91009265,scratch_consensus_round2,1.0
3363,/home/h3r0-k1ll3r/Downloads/hackBlox/Round02/data/train/undefined/pool_7326b4.jpg,3,0.89229244,scratch_consensus_round2,1.0
3364,/home/h3r0-k1ll3r/Downloads/hackBlox/Round02/data/train/undefined/pool_732c63.jpg,3,0.91383064,scratch_consensus_round2,1.0
3367,/home/h3r0-k1ll3r/Downloads/hackBlox/Round02/data/train/undefined/pool_7357ae.jpg,3,0.8687013,scratch_consensus_round2,1.0
3370,/home/h3r0-k1ll3r/Downloads/hackBlox/Round02/data/train/undefined/pool_73913d.jpg,5,0.95693195,scratch_consensus_round2,1.0
3373,/home/h3r0-k1ll3r/Downloads/hackBlox/Round02/data/train/undefined/pool_73bbd2.jpg,5,0.9590522,scratch_consensus_round2,1.0
3378,/home/h3r0-k1ll3r/Downloads/hackBlox/Round02/data/train/undefined/pool_73ca69.jpg,5,0.8973357,scratch_consensus_round2,1.0
3384,/home/h3r0-k1ll3r/Downloads/hackBlox/Round02/data/train/undefined/pool_73f5d6.jpg,4,0.956301,scratch_consensus_round2,1.0
3387,/home/h3r0-k1ll3r/Downloads/hackBlox/Round02/data/train/undefined/pool_7400d9.jpg,5,0.8715206,scratch_consensus_round2,1.0
3388,/home/h3r0-k1ll3r/Downloads/hackBlox/Round02/data/train/undefined/pool_7412e0.jpg,2,0.9369682,scratch_consensus_round2,1.0
3391,/home/h3r0-k1ll3r/Downloads/hackBlox/Round02/data/train/undefined/pool_7436f7.jpg,1,0.88548183,scratch_consensus_round2,1.0
3398,/home/h3r0-k1ll3r/Downloads/hackBlox/Round02/data/train/undefined/pool_748add.jpg,3,0.8754433,scratch_consensus_round2,1.0
3400,/home/h3r0-k1ll3r/Downloads/hackBlox/Round02/data/train/undefined/pool_74a7e3.jpg,4,0.94797856,scratch_consensus_round2,1.0
3415,/home/h3r0-k1ll3r/Downloads/hackBlox/Round02/data/train/undefined/pool_753467.jpg,1,0.8741651,scratch_consensus_round2,1.0
3418,/home/h3r0-k1ll3r/Downloads/hackBlox/Round02/data/train/undefined/pool_7542b4.jpg,2,0.87003726,scratch_consensus_round2,1.0
3429,/home/h3r0-k1ll3r/Downloads/hackBlox/Round02/data/train/undefined/pool_75afec.jpg,0,0.9590227,scratch_consensus_round2,1.0
3436,/home/h3r0-k1ll3r/Downloads/hackBlox/Round02/data/train/undefined/pool_75e9fb.jpg,4,0.9119891,scratch_consensus_round2,1.0
3437,/home/h3r0-k1ll3r/Downloads/hackBlox/Round02/data/train/undefined/pool_75ecd2.jpg,5,0.8915685,scratch_consensus_round2,1.0
3438,/home/h3r0-k1ll3r/Downloads/hackBlox/Round02/data/train/undefined/pool_760fc1.jpg,0,0.9195864,scratch_consensus_round2,1.0
3441,/home/h3r0-k1ll3r/Downloads/hackBlox/Round02/data/train/undefined/pool_765a2a.jpg,2,0.8952243,scratch_consensus_round2,1.0
3442,/home/h3r0-k1ll3r/Downloads/hackBlox/Round02/data/train/undefined/pool_765f52.jpg,3,0.8874147,scratch_consensus_round2,1.0
3445,/home/h3r0-k1ll3r/Downloads/hackBlox/Round02/data/train/undefined/pool_7664ec.jpg,2,0.95366174,scratch_consensus_round2,1.0
3446,/home/h3r0-k1ll3r/Downloads/hackBlox/Round02/data/train/undefined/pool_76a8dc.jpg,2,0.9381951,scratch_consensus_round2,1.0
3449,/home/h3r0-k1ll3r/Downloads/hackBlox/Round02/data/train/undefined/pool_76c49f.jpg,4,0.90481424,scratch_consensus_round2,1.0
3450,/home/h3r0-k1ll3r/Downloads/hackBlox/Round02/data/train/undefined/pool_76cd56.jpg,1,0.88430107,scratch_consensus_round2,1.0
3459,/home/h3r0-k1ll3r/Downloads/hackBlox/Round02/data/train/undefined/pool_77749f.jpg,5,0.92566013,scratch_consensus_round2,1.0
3462,/home/h3r0-k1ll3r/Downloads/hackBlox/Round02/data/train/undefined/pool_77947e.jpg,0,0.90175456,scratch_consensus_round2,1.0
3466,/home/h3r0-k1ll3r/Downloads/hackBlox/Round02/data/train/undefined/pool_77c6f7.jpg,5,0.8949347,scratch_consensus_round2,1.0
3468,/home/h3r0-k1ll3r/Downloads/hackBlox/Round02/data/train/undefined/pool_77e84b.jpg,4,0.8587339,scratch_consensus_round2,1.0
3471,/home/h3r0-k1ll3r/Downloads/hackBlox/Round02/data/train/undefined/pool_780aaf.jpg,4,0.91990954,scratch_consensus_round2,1.0
3476,/home/h3r0-k1ll3r/Downloads/hackBlox/Round02/data/train/undefined/pool_78422e.jpg,4,0.86864364,scratch_consensus_round2,1.0
3479,/home/h3r0-k1ll3r/Downloads/hackBlox/Round02/data/train/undefined/pool_785857.jpg,1,0.8955953,scratch_consensus_round2,1.0
3481,/home/h3r0-k1ll3r/Downloads/hackBlox/Round02/data/train/undefined/pool_786998.jpg,1,0.9011769,scratch_consensus_round2,1.0
3497,/home/h3r0-k1ll3r/Downloads/hackBlox/Round02/data/train/undefined/pool_7911e1.jpg,3,0.8759446,scratch_consensus_round2,1.0
3508,/home/h3r0-k1ll3r/Downloads/hackBlox/Round02/data/train/undefined/pool_796903.jpg,5,0.85488504,scratch_consensus_round2,1.0
3512,/home/h3r0-k1ll3r/Downloads/hackBlox/Round02/data/train/undefined/pool_799fc4.jpg,0,0.8942481,scratch_consensus_round2,1.0
3513,/home/h3r0-k1ll3r/Downloads/hackBlox/Round02/data/train/undefined/pool_79ae75.jpg,5,0.857814,scratch_consensus_round2,1.0
3517,/home/h3r0-k1ll3r/Downloads/hackBlox/Round02/data/train/undefined/pool_79ba3f.jpg,4,0.8869588,scratch_consensus_round2,1.0
3518,/home/h3r0-k1ll3r/Downloads/hackBlox/Round02/data/train/undefined/pool_79c55f.jpg,2,0.95413977,scratch_consensus_round2,1.0
3533,/home/h3r0-k1ll3r/Downloads/hackBlox/Round02/data/train/undefined/pool_7a245a.jpg,4,0.92509115,scratch_consensus_round2,1.0
3537,/home/h3r0-k1ll3r/Downloads/hackBlox/Round02/data/train/undefined/pool_7a7307.jpg,2,0.9385076,scratch_consensus_round2,1.0
3539,/home/h3r0-k1ll3r/Downloads/hackBlox/Round02/data/train/undefined/pool_7a84bf.jpg,5,0.9245096,scratch_consensus_round2,1.0
3543,/home/h3r0-k1ll3r/Downloads/hackBlox/Round02/data/train/undefined/pool_7aaecd.jpg,0,0.8789933,scratch_consensus_round2,1.0
3548,/home/h3r0-k1ll3r/Downloads/hackBlox/Round02/data/train/undefined/pool_7adc08.jpg,3,0.95129716,scratch_consensus_round2,1.0
3551,/home/h3r0-k1ll3r/Downloads/hackBlox/Round02/data/train/undefined/pool_7b149e.jpg,2,0.9682673,scratch_consensus_round2,1.0
3561,/home/h3r0-k1ll3r/Downloads/hackBlox/Round02/data/train/undefined/pool_7b7167.jpg,1,0.87185013,scratch_consensus_round2,1.0
3572,/home/h3r0-k1ll3r/Downloads/hackBlox/Round02/data/train/undefined/pool_7bc816.jpg,1,0.92400914,scratch_consensus_round2,1.0
3573,/home/h3r0-k1ll3r/Downloads/hackBlox/Round02/data/train/undefined/pool_7bc9ff.jpg,4,0.8865461,scratch_consensus_round2,1.0
3577,/home/h3r0-k1ll3r/Downloads/hackBlox/Round02/data/train/undefined/pool_7c018d.jpg,5,0.90971434,scratch_consensus_round2,1.0
3578,/home/h3r0-k1ll3r/Downloads/hackBlox/Round02/data/train/undefined/pool_7c1a4d.jpg,2,0.9033465,scratch_consensus_round2,1.0
3580,/home/h3r0-k1ll3r/Downloads/hackBlox/Round02/data/train/undefined/pool_7c3e6b.jpg,3,0.8653937,scratch_consensus_round2,1.0
3583,/home/h3r0-k1ll3r/Downloads/hackBlox/Round02/data/train/undefined/pool_7c743f.jpg,0,0.85383683,scratch_consensus_round2,1.0
3585,/home/h3r0-k1ll3r/Downloads/hackBlox/Round02/data/train/undefined/pool_7c74ad.jpg,2,0.96186584,scratch_consensus_round2,1.0
3598,/home/h3r0-k1ll3r/Downloads/hackBlox/Round02/data/train/undefined/pool_7d3ec4.jpg,5,0.9586006,scratch_consensus_round2,1.0
3602,/home/h3r0-k1ll3r/Downloads/hackBlox/Round02/data/train/undefined/pool_7d6613.jpg,4,0.92957586,scratch_consensus_round2,1.0
3613,/home/h3r0-k1ll3r/Downloads/hackBlox/Round02/data/train/undefined/pool_7dd6a6.jpg,4,0.88475174,scratch_consensus_round2,1.0
3618,/home/h3r0-k1ll3r/Downloads/hackBlox/Round02/data/train/undefined/pool_7ded29.jpg,0,0.9023757,scratch_consensus_round2,1.0
3619,/home/h3r0-k1ll3r/Downloads/hackBlox/Round02/data/train/undefined/pool_7ded50.jpg,4,0.8957277,scratch_consensus_round2,1.0
3630,/home/h3r0-k1ll3r/Downloads/hackBlox/Round02/data/train/undefined/pool_7e622a.jpg,5,0.91208917,scratch_consensus_round2,1.0
3638,/home/h3r0-k1ll3r/Downloads/hackBlox/Round02/data/train/undefined/pool_7ec112.jpg,1,0.8927844,scratch_consensus_round2,1.0
3650,/home/h3r0-k1ll3r/Downloads/hackBlox/Round02/data/train/undefined/pool_7f26ec.jpg,5,0.97675574,scratch_consensus_round2,1.0
3657,/home/h3r0-k1ll3r/Downloads/hackBlox/Round02/data/train/undefined/pool_7f9f58.jpg,4,0.8788019,scratch_consensus_round2,1.0
3659,/home/h3r0-k1ll3r/Downloads/hackBlox/Round02/data/train/undefined/pool_7fa19e.jpg,5,0.9256958,scratch_consensus_round2,1.0
3665,/home/h3r0-k1ll3r/Downloads/hackBlox/Round02/data/train/undefined/pool_7fe5fb.jpg,3,0.89696145,scratch_consensus_round2,1.0
3671,/home/h3r0-k1ll3r/Downloads/hackBlox/Round02/data/train/undefined/pool_80186f.jpg,0,0.95297706,scratch_consensus_round2,1.0
3679,/home/h3r0-k1ll3r/Downloads/hackBlox/Round02/data/train/undefined/pool_804671.jpg,5,0.87243253,scratch_consensus_round2,1.0
3681,/home/h3r0-k1ll3r/Downloads/hackBlox/Round02/data/train/undefined/pool_804e39.jpg,4,0.92575014,scratch_consensus_round2,1.0
3682,/home/h3r0-k1ll3r/Downloads/hackBlox/Round02/data/train/undefined/pool_805672.jpg,3,0.9166841,scratch_consensus_round2,1.0
3683,/home/h3r0-k1ll3r/Downloads/hackBlox/Round02/data/train/undefined/pool_806307.jpg,3,0.85293025,scratch_consensus_round2,1.0
3696,/home/h3r0-k1ll3r/Downloads/hackBlox/Round02/data/train/undefined/pool_80c6ca.jpg,0,0.92537445,scratch_consensus_round2,1.0
3698,/home/h3r0-k1ll3r/Downloads/hackBlox/Round02/data/train/undefined/pool_810431.jpg,3,0.9242356,scratch_consensus_round2,1.0
3702,/home/h3r0-k1ll3r/Downloads/hackBlox/Round02/data/train/undefined/pool_8116a2.jpg,2,0.8511781,scratch_consensus_round2,1.0
3704,/home/h3r0-k1ll3r/Downloads/hackBlox/Round02/data/train/undefined/pool_812110.jpg,3,0.90168345,scratch_consensus_round2,1.0
3705,/home/h3r0-k1ll3r/Downloads/hackBlox/Round02/data/train/undefined/pool_8124fc.jpg,3,0.8742595,scratch_consensus_round2,1.0
3706,/home/h3r0-k1ll3r/Downloads/hackBlox/Round02/data/train/undefined/pool_812a15.jpg,4,0.93604815,scratch_consensus_round2,1.0
3709,/home/h3r0-k1ll3r/Downloads/hackBlox/Round02/data/train/undefined/pool_813d39.jpg,3,0.85414076,scratch_consensus_round2,1.0
3712,/home/h3r0-k1ll3r/Downloads/hackBlox/Round02/data/train/undefined/pool_816a8b.jpg,2,0.8940338,scratch_consensus_round2,1.0
3713,/home/h3r0-k1ll3r/Downloads/hackBlox/Round02/data/train/undefined/pool_8171ff.jpg,2,0.88683903,scratch_consensus_round2,1.0
3716,/home/h3r0-k1ll3r/Downloads/hackBlox/Round02/data/train/undefined/pool_8193ec.jpg,1,0.9521702,scratch_consensus_round2,1.0
3719,/home/h3r0-k1ll3r/Downloads/hackBlox/Round02/data/train/undefined/pool_81a11d.jpg,1,0.9252149,scratch_consensus_round2,1.0
3721,/home/h3r0-k1ll3r/Downloads/hackBlox/Round02/data/train/undefined/pool_81bca6.jpg,0,0.85251695,scratch_consensus_round2,1.0
3722,/home/h3r0-k1ll3r/Downloads/hackBlox/Round02/data/train/undefined/pool_81c1dd.jpg,1,0.8574201,scratch_consensus_round2,1.0
3729,/home/h3r0-k1ll3r/Downloads/hackBlox/Round02/data/train/undefined/pool_820c63.jpg,2,0.8887787,scratch_consensus_round2,1.0
3731,/home/h3r0-k1ll3r/Downloads/hackBlox/Round02/data/train/undefined/pool_82449d.jpg,0,0.91615486,scratch_consensus_round2,1.0
3733,/home/h3r0-k1ll3r/Downloads/hackBlox/Round02/data/train/undefined/pool_82621d.jpg,4,0.9105891,scratch_consensus_round2,1.0
3738,/home/h3r0-k1ll3r/Downloads/hackBlox/Round02/data/train/undefined/pool_8281fe.jpg,4,0.9280039,scratch_consensus_round2,1.0
3746,/home/h3r0-k1ll3r/Downloads/hackBlox/Round02/data/train/undefined/pool_82dc80.jpg,2,0.86837405,scratch_consensus_round2,1.0
3749,/home/h3r0-k1ll3r/Downloads/hackBlox/Round02/data/train/undefined/pool_830544.jpg,1,0.8927189,scratch_consensus_round2,1.0
3750,/home/h3r0-k1ll3r/Downloads/hackBlox/Round02/data/train/undefined/pool_830980.jpg,5,0.85036063,scratch_consensus_round2,1.0
3761,/home/h3r0-k1ll3r/Downloads/hackBlox/Round02/data/train/undefined/pool_83a6d2.jpg,1,0.8860054,scratch_consensus_round2,1.0
3763,/home/h3r0-k1ll3r/Downloads/hackBlox/Round02/data/train/undefined/pool_83bfea.jpg,1,0.8613848,scratch_consensus_round2,1.0
3769,/home/h3r0-k1ll3r/Downloads/hackBlox/Round02/data/train/undefined/pool_83efc5.jpg,4,0.9441153,scratch_consensus_round2,1.0
3774,/home/h3r0-k1ll3r/Downloads/hackBlox/Round02/data/train/undefined/pool_841148.jpg,3,0.89860857,scratch_consensus_round2,1.0
3782,/home/h3r0-k1ll3r/Downloads/hackBlox/Round02/data/train/undefined/pool_84649e.jpg,4,0.89892405,scratch_consensus_round2,1.0
3785,/home/h3r0-k1ll3r/Downloads/hackBlox/Round02/data/train/undefined/pool_84814a.jpg,3,0.8542818,scratch_consensus_round2,1.0
3794,/home/h3r0-k1ll3r/Downloads/hackBlox/Round02/data/train/undefined/pool_84e175.jpg,2,0.9090124,scratch_consensus_round2,1.0
3797,/home/h3r0-k1ll3r/Downloads/hackBlox/Round02/data/train/undefined/pool_852f91.jpg,1,0.87881297,scratch_consensus_round2,1.0
3799,/home/h3r0-k1ll3r/Downloads/hackBlox/Round02/data/train/undefined/pool_854812.jpg,3,0.9079887,scratch_consensus_round2,1.0
3806,/home/h3r0-k1ll3r/Downloads/hackBlox/Round02/data/train/undefined/pool_85636a.jpg,4,0.88157874,scratch_consensus_round2,1.0
3810,/home/h3r0-k1ll3r/Downloads/hackBlox/Round02/data/train/undefined/pool_858a81.jpg,5,0.9112758,scratch_consensus_round2,1.0
3815,/home/h3r0-k1ll3r/Downloads/hackBlox/Round02/data/train/undefined/pool_85a74b.jpg,3,0.9447618,scratch_consensus_round2,1.0
3816,/home/h3r0-k1ll3r/Downloads/hackBlox/Round02/data/train/undefined/pool_85abcb.jpg,5,0.9435198,scratch_consensus_round2,1.0
3819,/home/h3r0-k1ll3r/Downloads/hackBlox/Round02/data/train/undefined/pool_85d96f.jpg,0,0.907472,scratch_consensus_round2,1.0
3823,/home/h3r0-k1ll3r/Downloads/hackBlox/Round02/data/train/undefined/pool_861d3e.jpg,4,0.8693812,scratch_consensus_round2,1.0
3843,/home/h3r0-k1ll3r/Downloads/hackBlox/Round02/data/train/undefined/pool_870461.jpg,2,0.94548035,scratch_consensus_round2,1.0
3847,/home/h3r0-k1ll3r/Downloads/hackBlox/Round02/data/train/undefined/pool_8725b1.jpg,5,0.89810944,scratch_consensus_round2,1.0
3848,/home/h3r0-k1ll3r/Downloads/hackBlox/Round02/data/train/undefined/pool_8740e7.jpg,5,0.91215926,scratch_consensus_round2,1.0
3852,/home/h3r0-k1ll3r/Downloads/hackBlox/Round02/data/train/undefined/pool_8752a2.jpg,2,0.9081959,scratch_consensus_round2,1.0
3859,/home/h3r0-k1ll3r/Downloads/hackBlox/Round02/data/train/undefined/pool_87acf7.jpg,2,0.93762946,scratch_consensus_round2,1.0
3860,/home/h3r0-k1ll3r/Downloads/hackBlox/Round02/data/train/undefined/pool_87bd86.jpg,4,0.89285535,scratch_consensus_round2,1.0
3862,/home/h3r0-k1ll3r/Downloads/hackBlox/Round02/data/train/undefined/pool_87c02b.jpg,1,0.9038315,scratch_consensus_round2,1.0
3863,/home/h3r0-k1ll3r/Downloads/hackBlox/Round02/data/train/undefined/pool_87c64b.jpg,4,0.9183458,scratch_consensus_round2,1.0
3867,/home/h3r0-k1ll3r/Downloads/hackBlox/Round02/data/train/undefined/pool_87e578.jpg,5,0.9449917,scratch_consensus_round2,1.0
3870,/home/h3r0-k1ll3r/Downloads/hackBlox/Round02/data/train/undefined/pool_880026.jpg,2,0.882937,scratch_consensus_round2,1.0
3876,/home/h3r0-k1ll3r/Downloads/hackBlox/Round02/data/train/undefined/pool_888257.jpg,3,0.91856265,scratch_consensus_round2,1.0
3882,/home/h3r0-k1ll3r/Downloads/hackBlox/Round02/data/train/undefined/pool_889c78.jpg,3,0.8934045,scratch_consensus_round2,1.0
3893,/home/h3r0-k1ll3r/Downloads/hackBlox/Round02/data/train/undefined/pool_891dc0.jpg,3,0.9384381,scratch_consensus_round2,1.0
3896,/home/h3r0-k1ll3r/Downloads/hackBlox/Round02/data/train/undefined/pool_8976c4.jpg,5,0.9496557,scratch_consensus_round2,1.0
3897,/home/h3r0-k1ll3r/Downloads/hackBlox/Round02/data/train/undefined/pool_89a58f.jpg,2,0.8991387,scratch_consensus_round2,1.0
3898,/home/h3r0-k1ll3r/Downloads/hackBlox/Round02/data/train/undefined/pool_89c33b.jpg,5,0.9393611,scratch_consensus_round2,1.0
3899,/home/h3r0-k1ll3r/Downloads/hackBlox/Round02/data/train/undefined/pool_89c46a.jpg,2,0.96130866,scratch_consensus_round2,1.0
3913,/home/h3r0-k1ll3r/Downloads/hackBlox/Round02/data/train/undefined/pool_8a2079.jpg,1,0.9205437,scratch_consensus_round2,1.0
3917,/home/h3r0-k1ll3r/Downloads/hackBlox/Round02/data/train/undefined/pool_8a5034.jpg,2,0.9364677,scratch_consensus_round2,1.0
3919,/home/h3r0-k1ll3r/Downloads/hackBlox/Round02/data/train/undefined/pool_8a6090.jpg,4,0.87643945,scratch_consensus_round2,1.0
3935,/home/h3r0-k1ll3r/Downloads/hackBlox/Round02/data/train/undefined/pool_8b420d.jpg,3,0.85693,scratch_consensus_round2,1.0
3941,/home/h3r0-k1ll3r/Downloads/hackBlox/Round02/data/train/undefined/pool_8b8555.jpg,0,0.8843659,scratch_consensus_round2,1.0
3942,/home/h3r0-k1ll3r/Downloads/hackBlox/Round02/data/train/undefined/pool_8ba453.jpg,5,0.86092615,scratch_consensus_round2,1.0
3943,/home/h3r0-k1ll3r/Downloads/hackBlox/Round02/data/train/undefined/pool_8bc163.jpg,0,0.95044667,scratch_consensus_round2,1.0
3944,/home/h3r0-k1ll3r/Downloads/hackBlox/Round02/data/train/undefined/pool_8bc3e4.jpg,4,0.8865068,scratch_consensus_round2,1.0
3946,/home/h3r0-k1ll3r/Downloads/hackBlox/Round02/data/train/undefined/pool_8bce77.jpg,4,0.85776466,scratch_consensus_round2,1.0
3953,/home/h3r0-k1ll3r/Downloads/hackBlox/Round02/data/train/undefined/pool_8c2f8f.jpg,5,0.91281545,scratch_consensus_round2,1.0
3961,/home/h3r0-k1ll3r/Downloads/hackBlox/Round02/data/train/undefined/pool_8c8ef5.jpg,5,0.8657926,scratch_consensus_round2,1.0
3962,/home/h3r0-k1ll3r/Downloads/hackBlox/Round02/data/train/undefined/pool_8c8ef8.jpg,1,0.8784869,scratch_consensus_round2,1.0
3966,/home/h3r0-k1ll3r/Downloads/hackBlox/Round02/data/train/undefined/pool_8c9f9e.jpg,4,0.8750052,scratch_consensus_round2,1.0
3973,/home/h3r0-k1ll3r/Downloads/hackBlox/Round02/data/train/undefined/pool_8ce028.jpg,5,0.94829726,scratch_consensus_round2,1.0
3975,/home/h3r0-k1ll3r/Downloads/hackBlox/Round02/data/train/undefined/pool_8cef29.jpg,4,0.93079454,scratch_consensus_round2,1.0
3977,/home/h3r0-k1ll3r/Downloads/hackBlox/Round02/data/train/undefined/pool_8d20f2.jpg,1,0.86539066,scratch_consensus_round2,1.0
3982,/home/h3r0-k1ll3r/Downloads/hackBlox/Round02/data/train/undefined/pool_8d3ef5.jpg,1,0.8921697,scratch_consensus_round2,1.0
3985,/home/h3r0-k1ll3r/Downloads/hackBlox/Round02/data/train/undefined/pool_8d6821.jpg,1,0.89731467,scratch_consensus_round2,1.0
3986,/home/h3r0-k1ll3r/Downloads/hackBlox/Round02/data/train/undefined/pool_8d696a.jpg,4,0.91211873,scratch_consensus_round2,1.0
3989,/home/h3r0-k1ll3r/Downloads/hackBlox/Round02/data/train/undefined/pool_8d7ca2.jpg,4,0.9206627,scratch_consensus_round2,1.0
3993,/home/h3r0-k1ll3r/Downloads/hackBlox/Round02/data/train/undefined/pool_8db2fc.jpg,4,0.9061205,scratch_consensus_round2,1.0
3995,/home/h3r0-k1ll3r/Downloads/hackBlox/Round02/data/train/undefined/pool_8dced3.jpg,5,0.9280826,scratch_consensus_round2,1.0
3996,/home/h3r0-k1ll3r/Downloads/hackBlox/Round02/data/train/undefined/pool_8dd1a1.jpg,0,0.8839643,scratch_consensus_round2,1.0
4007,/home/h3r0-k1ll3r/Downloads/hackBlox/Round02/data/train/undefined/pool_8e8b22.jpg,4,0.95265937,scratch_consensus_round2,1.0
4010,/home/h3r0-k1ll3r/Downloads/hackBlox/Round02/data/train/undefined/pool_8e9ca0.jpg,0,0.91637474,scratch_consensus_round2,1.0
4014,/home/h3r0-k1ll3r/Downloads/hackBlox/Round02/data/train/undefined/pool_8eb9d6.jpg,4,0.9033875,scratch_consensus_round2,1.0
4018,/home/h3r0-k1ll3r/Downloads/hackBlox/Round02/data/train/undefined/pool_8f008b.jpg,4,0.93354577,scratch_consensus_round2,1.0
4024,/home/h3r0-k1ll3r/Downloads/hackBlox/Round02/data/train/undefined/pool_8f538b.jpg,2,0.9149385,scratch_consensus_round2,1.0
4031,/home/h3r0-k1ll3r/Downloads/hackBlox/Round02/data/train/undefined/pool_8f926e.jpg,1,0.9320214,scratch_consensus_round2,1.0
4037,/home/h3r0-k1ll3r/Downloads/hackBlox/Round02/data/train/undefined/pool_8fc89c.jpg,5,0.95053476,scratch_consensus_round2,1.0
4046,/home/h3r0-k1ll3r/Downloads/hackBlox/Round02/data/train/undefined/pool_901921.jpg,3,0.9274156,scratch_consensus_round2,1.0
4050,/home/h3r0-k1ll3r/Downloads/hackBlox/Round02/data/train/undefined/pool_905967.jpg,3,0.8544241,scratch_consensus_round2,1.0
4051,/home/h3r0-k1ll3r/Downloads/hackBlox/Round02/data/train/undefined/pool_9060bf.jpg,3,0.8901563,scratch_consensus_round2,1.0
4056,/home/h3r0-k1ll3r/Downloads/hackBlox/Round02/data/train/undefined/pool_908401.jpg,5,0.9521246,scratch_consensus_round2,1.0
4060,/home/h3r0-k1ll3r/Downloads/hackBlox/Round02/data/train/undefined/pool_90b0f8.jpg,3,0.91668236,scratch_consensus_round2,1.0
4062,/home/h3r0-k1ll3r/Downloads/hackBlox/Round02/data/train/undefined/pool_90c4e5.jpg,4,0.8954137,scratch_consensus_round2,1.0
4064,/home/h3r0-k1ll3r/Downloads/hackBlox/Round02/data/train/undefined/pool_90db22.jpg,4,0.92849183,scratch_consensus_round2,1.0
4065,/home/h3r0-k1ll3r/Downloads/hackBlox/Round02/data/train/undefined/pool_90f308.jpg,0,0.85613686,scratch_consensus_round2,1.0
4070,/home/h3r0-k1ll3r/Downloads/hackBlox/Round02/data/train/undefined/pool_9136be.jpg,5,0.8810544,scratch_consensus_round2,1.0
4081,/home/h3r0-k1ll3r/Downloads/hackBlox/Round02/data/train/undefined/pool_91f3d9.jpg,0,0.8880103,scratch_consensus_round2,1.0
4082,/home/h3r0-k1ll3r/Downloads/hackBlox/Round02/data/train/undefined/pool_920bad.jpg,3,0.9268192,scratch_consensus_round2,1.0
4086,/home/h3r0-k1ll3r/Downloads/hackBlox/Round02/data/train/undefined/pool_923852.jpg,5,0.88089377,scratch_consensus_round2,1.0
4087,/home/h3r0-k1ll3r/Downloads/hackBlox/Round02/data/train/undefined/pool_924f5b.jpg,4,0.879709,scratch_consensus_round2,1.0
4102,/home/h3r0-k1ll3r/Downloads/hackBlox/Round02/data/train/undefined/pool_93354e.jpg,5,0.89918023,scratch_consensus_round2,1.0
4104,/home/h3r0-k1ll3r/Downloads/hackBlox/Round02/data/train/undefined/pool_935595.jpg,3,0.8592554,scratch_consensus_round2,1.0
4105,/home/h3r0-k1ll3r/Downloads/hackBlox/Round02/data/train/undefined/pool_935c42.jpg,5,0.8607048,scratch_consensus_round2,1.0
4108,/home/h3r0-k1ll3r/Downloads/hackBlox/Round02/data/train/undefined/pool_937c54.jpg,1,0.90315664,scratch_consensus_round2,1.0
4110,/home/h3r0-k1ll3r/Downloads/hackBlox/Round02/data/train/undefined/pool_93b2ce.jpg,2,0.921425,scratch_consensus_round2,1.0
4114,/home/h3r0-k1ll3r/Downloads/hackBlox/Round02/data/train/undefined/pool_93c157.jpg,3,0.85615486,scratch_consensus_round2,1.0
4124,/home/h3r0-k1ll3r/Downloads/hackBlox/Round02/data/train/undefined/pool_940e07.jpg,5,0.89753383,scratch_consensus_round2,1.0
4126,/home/h3r0-k1ll3r/Downloads/hackBlox/Round02/data/train/undefined/pool_942eeb.jpg,0,0.90599966,scratch_consensus_round2,1.0
4127,/home/h3r0-k1ll3r/Downloads/hackBlox/Round02/data/train/undefined/pool_943d7a.jpg,5,0.8890578,scratch_consensus_round2,1.0
4130,/home/h3r0-k1ll3r/Downloads/hackBlox/Round02/data/train/undefined/pool_945081.jpg,5,0.8693995,scratch_consensus_round2,1.0
4134,/home/h3r0-k1ll3r/Downloads/hackBlox/Round02/data/train/undefined/pool_947680.jpg,0,0.86996114,scratch_consensus_round2,1.0
4135,/home/h3r0-k1ll3r/Downloads/hackBlox/Round02/data/train/undefined/pool_948155.jpg,3,0.8541115,scratch_consensus_round2,1.0
4140,/home/h3r0-k1ll3r/Downloads/hackBlox/Round02/data/train/undefined/pool_94a102.jpg,2,0.93781185,scratch_consensus_round2,1.0
4151,/home/h3r0-k1ll3r/Downloads/hackBlox/Round02/data/train/undefined/pool_95069c.jpg,3,0.87239224,scratch_consensus_round2,1.0
4160,/home/h3r0-k1ll3r/Downloads/hackBlox/Round02/data/train/undefined/pool_954c39.jpg,2,0.8905492,scratch_consensus_round2,1.0
4161,/home/h3r0-k1ll3r/Downloads/hackBlox/Round02/data/train/undefined/pool_9567e4.jpg,4,0.90666944,scratch_consensus_round2,1.0
4165,/home/h3r0-k1ll3r/Downloads/hackBlox/Round02/data/train/undefined/pool_957305.jpg,3,0.910356,scratch_consensus_round2,1.0
4175,/home/h3r0-k1ll3r/Downloads/hackBlox/Round02/data/train/undefined/pool_95e165.jpg,5,0.85118026,scratch_consensus_round2,1.0
4177,/home/h3r0-k1ll3r/Downloads/hackBlox/Round02/data/train/undefined/pool_9614e4.jpg,3,0.8761572,scratch_consensus_round2,1.0
4181,/home/h3r0-k1ll3r/Downloads/hackBlox/Round02/data/train/undefined/pool_962502.jpg,0,0.89267576,scratch_consensus_round2,1.0
4198,/home/h3r0-k1ll3r/Downloads/hackBlox/Round02/data/train/undefined/pool_970788.jpg,3,0.95545584,scratch_consensus_round2,1.0
4201,/home/h3r0-k1ll3r/Downloads/hackBlox/Round02/data/train/undefined/pool_971922.jpg,5,0.9632241,scratch_consensus_round2,1.0
4207,/home/h3r0-k1ll3r/Downloads/hackBlox/Round02/data/train/undefined/pool_97726c.jpg,1,0.9107873,scratch_consensus_round2,1.0
4211,/home/h3r0-k1ll3r/Downloads/hackBlox/Round02/data/train/undefined/pool_9787b4.jpg,0,0.8567927,scratch_consensus_round2,1.0
4224,/home/h3r0-k1ll3r/Downloads/hackBlox/Round02/data/train/undefined/pool_9855be.jpg,2,0.9213163,scratch_consensus_round2,1.0
4230,/home/h3r0-k1ll3r/Downloads/hackBlox/Round02/data/train/undefined/pool_988091.jpg,2,0.9202545,scratch_consensus_round2,1.0
4232,/home/h3r0-k1ll3r/Downloads/hackBlox/Round02/data/train/undefined/pool_988ed5.jpg,4,0.8844422,scratch_consensus_round2,1.0
4240,/home/h3r0-k1ll3r/Downloads/hackBlox/Round02/data/train/undefined/pool_98d8ae.jpg,1,0.89060086,scratch_consensus_round2,1.0
4244,/home/h3r0-k1ll3r/Downloads/hackBlox/Round02/data/train/undefined/pool_9928a0.jpg,3,0.89942485,scratch_consensus_round2,1.0
4250,/home/h3r0-k1ll3r/Downloads/hackBlox/Round02/data/train/undefined/pool_994fd2.jpg,3,0.8980753,scratch_consensus_round2,1.0
4256,/home/h3r0-k1ll3r/Downloads/hackBlox/Round02/data/train/undefined/pool_998ec3.jpg,1,0.91084826,scratch_consensus_round2,1.0
4257,/home/h3r0-k1ll3r/Downloads/hackBlox/Round02/data/train/undefined/pool_999a48.jpg,0,0.8904985,scratch_consensus_round2,1.0
4258,/home/h3r0-k1ll3r/Downloads/hackBlox/Round02/data/train/undefined/pool_999bd5.jpg,1,0.8563314,scratch_consensus_round2,1.0
4263,/home/h3r0-k1ll3r/Downloads/hackBlox/Round02/data/train/undefined/pool_99afbb.jpg,4,0.92229676,scratch_consensus_round2,1.0
4264,/home/h3r0-k1ll3r/Downloads/hackBlox/Round02/data/train/undefined/pool_99ba6a.jpg,4,0.87110746,scratch_consensus_round2,1.0
4265,/home/h3r0-k1ll3r/Downloads/hackBlox/Round02/data/train/undefined/pool_99cab4.jpg,0,0.85975975,scratch_consensus_round2,1.0
4274,/home/h3r0-k1ll3r/Downloads/hackBlox/Round02/data/train/undefined/pool_9a3605.jpg,5,0.89270985,scratch_consensus_round2,1.0
4276,/home/h3r0-k1ll3r/Downloads/hackBlox/Round02/data/train/undefined/pool_9a4828.jpg,1,0.89736474,scratch_consensus_round2,1.0
4285,/home/h3r0-k1ll3r/Downloads/hackBlox/Round02/data/train/undefined/pool_9abdbf.jpg,3,0.9278205,scratch_consensus_round2,1.0
4289,/home/h3r0-k1ll3r/Downloads/hackBlox/Round02/data/train/undefined/pool_9afec7.jpg,4,0.94307786,scratch_consensus_round2,1.0
4290,/home/h3r0-k1ll3r/Downloads/hackBlox/Round02/data/train/undefined/pool_9b0cd4.jpg,2,0.8808136,scratch_consensus_round2,1.0
4302,/home/h3r0-k1ll3r/Downloads/hackBlox/Round02/data/train/undefined/pool_9badcd.jpg,5,0.922814,scratch_consensus_round2,1.0
4303,/home/h3r0-k1ll3r/Downloads/hackBlox/Round02/data/train/undefined/pool_9bb6c7.jpg,2,0.9231048,scratch_consensus_round2,1.0
4308,/home/h3r0-k1ll3r/Downloads/hackBlox/Round02/data/train/undefined/pool_9be19a.jpg,4,0.86466724,scratch_consensus_round2,1.0
4313,/home/h3r0-k1ll3r/Downloads/hackBlox/Round02/data/train/undefined/pool_9c0ae8.jpg,0,0.8814272,scratch_consensus_round2,1.0
4314,/home/h3r0-k1ll3r/Downloads/hackBlox/Round02/data/train/undefined/pool_9c1fbe.jpg,0,0.9409685,scratch_consensus_round2,1.0
4315,/home/h3r0-k1ll3r/Downloads/hackBlox/Round02/data/train/undefined/pool_9c3a04.jpg,4,0.87374324,scratch_consensus_round2,1.0
4316,/home/h3r0-k1ll3r/Downloads/hackBlox/Round02/data/train/undefined/pool_9c4119.jpg,5,0.8728758,scratch_consensus_round2,1.0
4328,/home/h3r0-k1ll3r/Downloads/hackBlox/Round02/data/train/undefined/pool_9cf334.jpg,1,0.89226776,scratch_consensus_round2,1.0
4329,/home/h3r0-k1ll3r/Downloads/hackBlox/Round02/data/train/undefined/pool_9d0f86.jpg,1,0.86008316,scratch_consensus_round2,1.0
4331,/home/h3r0-k1ll3r/Downloads/hackBlox/Round02/data/train/undefined/pool_9d3801.jpg,5,0.9309216,scratch_consensus_round2,1.0
4333,/home/h3r0-k1ll3r/Downloads/hackBlox/Round02/data/train/undefined/pool_9d3d2d.jpg,0,0.9355608,scratch_consensus_round2,1.0
4334,/home/h3r0-k1ll3r/Downloads/hackBlox/Round02/data/train/undefined/pool_9d3ecc.jpg,5,0.876569,scratch_consensus_round2,1.0
4346,/home/h3r0-k1ll3r/Downloads/hackBlox/Round02/data/train/undefined/pool_9df070.jpg,4,0.9021223,scratch_consensus_round2,1.0
4347,/home/h3r0-k1ll3r/Downloads/hackBlox/Round02/data/train/undefined/pool_9df78f.jpg,4,0.8528144,scratch_consensus_round2,1.0
4359,/home/h3r0-k1ll3r/Downloads/hackBlox/Round02/data/train/undefined/pool_9e3850.jpg,3,0.9370369,scratch_consensus_round2,1.0
4365,/home/h3r0-k1ll3r/Downloads/hackBlox/Round02/data/train/undefined/pool_9e5cd5.jpg,5,0.9651235,scratch_consensus_round2,1.0
4368,/home/h3r0-k1ll3r/Downloads/hackBlox/Round02/data/train/undefined/pool_9e7957.jpg,3,0.8643807,scratch_consensus_round2,1.0
4373,/home/h3r0-k1ll3r/Downloads/hackBlox/Round02/data/train/undefined/pool_9edb82.jpg,4,0.87988704,scratch_consensus_round2,1.0
4377,/home/h3r0-k1ll3r/Downloads/hackBlox/Round02/data/train/undefined/pool_9f296e.jpg,5,0.8842695,scratch_consensus_round2,1.0
4384,/home/h3r0-k1ll3r/Downloads/hackBlox/Round02/data/train/undefined/pool_9fb3bc.jpg,0,0.85400367,scratch_consensus_round2,1.0
4389,/home/h3r0-k1ll3r/Downloads/hackBlox/Round02/data/train/undefined/pool_9fd51f.jpg,5,0.89967865,scratch_consensus_round2,1.0
4396,/home/h3r0-k1ll3r/Downloads/hackBlox/Round02/data/train/undefined/pool_a033c0.jpg,2,0.8972911,scratch_consensus_round2,1.0
4397,/home/h3r0-k1ll3r/Downloads/hackBlox/Round02/data/train/undefined/pool_a03b67.jpg,4,0.86302966,scratch_consensus_round2,1.0
4416,/home/h3r0-k1ll3r/Downloads/hackBlox/Round02/data/train/undefined/pool_a10ba6.jpg,3,0.8676012,scratch_consensus_round2,1.0
4418,/home/h3r0-k1ll3r/Downloads/hackBlox/Round02/data/train/undefined/pool_a12d13.jpg,5,0.8827579,scratch_consensus_round2,1.0
4422,/home/h3r0-k1ll3r/Downloads/hackBlox/Round02/data/train/undefined/pool_a14758.jpg,0,0.9410863,scratch_consensus_round2,1.0
4423,/home/h3r0-k1ll3r/Downloads/hackBlox/Round02/data/train/undefined/pool_a1542b.jpg,5,0.860556,scratch_consensus_round2,1.0
4424,/home/h3r0-k1ll3r/Downloads/hackBlox/Round02/data/train/undefined/pool_a167ef.jpg,4,0.9497743,scratch_consensus_round2,1.0
4435,/home/h3r0-k1ll3r/Downloads/hackBlox/Round02/data/train/undefined/pool_a1c53f.jpg,0,0.93927366,scratch_consensus_round2,1.0
4437,/home/h3r0-k1ll3r/Downloads/hackBlox/Round02/data/train/undefined/pool_a1e767.jpg,4,0.9372673,scratch_consensus_round2,1.0
4447,/home/h3r0-k1ll3r/Downloads/hackBlox/Round02/data/train/undefined/pool_a24ce8.jpg,0,0.8612162,scratch_consensus_round2,1.0
4448,/home/h3r0-k1ll3r/Downloads/hackBlox/Round02/data/train/undefined/pool_a250e7.jpg,5,0.95210695,scratch_consensus_round2,1.0
4449,/home/h3r0-k1ll3r/Downloads/hackBlox/Round02/data/train/undefined/pool_a259f0.jpg,0,0.91974026,scratch_consensus_round2,1.0
4454,/home/h3r0-k1ll3r/Downloads/hackBlox/Round02/data/train/undefined/pool_a28d0f.jpg,2,0.9736493,scratch_consensus_round2,1.0
4456,/home/h3r0-k1ll3r/Downloads/hackBlox/Round02/data/train/undefined/pool_a29d4f.jpg,5,0.92906666,scratch_consensus_round2,1.0
4457,/home/h3r0-k1ll3r/Downloads/hackBlox/Round02/data/train/undefined/pool_a2a554.jpg,4,0.96555215,scratch_consensus_round2,1.0
4467,/home/h3r0-k1ll3r/Downloads/hackBlox/Round02/data/train/undefined/pool_a37e7d.jpg,0,0.9368653,scratch_consensus_round2,1.0
4474,/home/h3r0-k1ll3r/Downloads/hackBlox/Round02/data/train/undefined/pool_a3b7fd.jpg,4,0.85902154,scratch_consensus_round2,1.0
4487,/home/h3r0-k1ll3r/Downloads/hackBlox/Round02/data/train/undefined/pool_a3fe70.jpg,2,0.9566924,scratch_consensus_round2,1.0
4489,/home/h3r0-k1ll3r/Downloads/hackBlox/Round02/data/train/undefined/pool_a40381.jpg,2,0.94261205,scratch_consensus_round2,1.0
4491,/home/h3r0-k1ll3r/Downloads/hackBlox/Round02/data/train/undefined/pool_a41579.jpg,0,0.97281057,scratch_consensus_round2,1.0
4492,/home/h3r0-k1ll3r/Downloads/hackBlox/Round02/data/train/undefined/pool_a415a5.jpg,4,0.8858295,scratch_consensus_round2,1.0
4493,/home/h3r0-k1ll3r/Downloads/hackBlox/Round02/data/train/undefined/pool_a415f7.jpg,1,0.9061741,scratch_consensus_round2,1.0
4503,/home/h3r0-k1ll3r/Downloads/hackBlox/Round02/data/train/undefined/pool_a4b21f.jpg,4,0.8970696,scratch_consensus_round2,1.0
4505,/home/h3r0-k1ll3r/Downloads/hackBlox/Round02/data/train/undefined/pool_a4c234.jpg,3,0.85966486,scratch_consensus_round2,1.0
4507,/home/h3r0-k1ll3r/Downloads/hackBlox/Round02/data/train/undefined/pool_a4cd4b.jpg,0,0.9149372,scratch_consensus_round2,1.0
4514,/home/h3r0-k1ll3r/Downloads/hackBlox/Round02/data/train/undefined/pool_a51037.jpg,3,0.8823748,scratch_consensus_round2,1.0
4517,/home/h3r0-k1ll3r/Downloads/hackBlox/Round02/data/train/undefined/pool_a54a29.jpg,3,0.91109,scratch_consensus_round2,1.0
4519,/home/h3r0-k1ll3r/Downloads/hackBlox/Round02/data/train/undefined/pool_a54f09.jpg,2,0.8970083,scratch_consensus_round2,1.0
4521,/home/h3r0-k1ll3r/Downloads/hackBlox/Round02/data/train/undefined/pool_a55d8d.jpg,1,0.92717606,scratch_consensus_round2,1.0
4527,/home/h3r0-k1ll3r/Downloads/hackBlox/Round02/data/train/undefined/pool_a5846a.jpg,3,0.8723533,scratch_consensus_round2,1.0
4528,/home/h3r0-k1ll3r/Downloads/hackBlox/Round02/data/train/undefined/pool_a58480.jpg,4,0.9207624,scratch_consensus_round2,1.0
4536,/home/h3r0-k1ll3r/Downloads/hackBlox/Round02/data/train/undefined/pool_a5eee8.jpg,2,0.93225515,scratch_consensus_round2,1.0
4541,/home/h3r0-k1ll3r/Downloads/hackBlox/Round02/data/train/undefined/pool_a64ba9.jpg,4,0.8680679,scratch_consensus_round2,1.0
4545,/home/h3r0-k1ll3r/Downloads/hackBlox/Round02/data/train/undefined/pool_a65973.jpg,5,0.861827,scratch_consensus_round2,1.0
4546,/home/h3r0-k1ll3r/Downloads/hackBlox/Round02/data/train/undefined/pool_a661de.jpg,3,0.9154398,scratch_consensus_round2,1.0
4551,/home/h3r0-k1ll3r/Downloads/hackBlox/Round02/data/train/undefined/pool_a6c60a.jpg,2,0.9449247,scratch_consensus_round2,1.0
4562,/home/h3r0-k1ll3r/Downloads/hackBlox/Round02/data/train/undefined/pool_a6fac4.jpg,4,0.9395311,scratch_consensus_round2,1.0
4566,/home/h3r0-k1ll3r/Downloads/hackBlox/Round02/data/train/undefined/pool_a71000.jpg,4,0.8553377,scratch_consensus_round2,1.0
4567,/home/h3r0-k1ll3r/Downloads/hackBlox/Round02/data/train/undefined/pool_a71326.jpg,5,0.8549893,scratch_consensus_round2,1.0
4569,/home/h3r0-k1ll3r/Downloads/hackBlox/Round02/data/train/undefined/pool_a738a7.jpg,5,0.91184425,scratch_consensus_round2,1.0
4572,/home/h3r0-k1ll3r/Downloads/hackBlox/Round02/data/train/undefined/pool_a74829.jpg,3,0.855836,scratch_consensus_round2,1.0
4573,/home/h3r0-k1ll3r/Downloads/hackBlox/Round02/data/train/undefined/pool_a74ba1.jpg,4,0.9187427,scratch_consensus_round2,1.0
4587,/home/h3r0-k1ll3r/Downloads/hackBlox/Round02/data/train/undefined/pool_a7f256.jpg,5,0.9447685,scratch_consensus_round2,1.0
4597,/home/h3r0-k1ll3r/Downloads/hackBlox/Round02/data/train/undefined/pool_a86f12.jpg,5,0.8876728,scratch_consensus_round2,1.0
4612,/home/h3r0-k1ll3r/Downloads/hackBlox/Round02/data/train/undefined/pool_a8f0ba.jpg,5,0.9059007,scratch_consensus_round2,1.0
4617,/home/h3r0-k1ll3r/Downloads/hackBlox/Round02/data/train/undefined/pool_a91523.jpg,5,0.8553768,scratch_consensus_round2,1.0
4629,/home/h3r0-k1ll3r/Downloads/hackBlox/Round02/data/train/undefined/pool_a98dc1.jpg,5,0.893071,scratch_consensus_round2,1.0
4630,/home/h3r0-k1ll3r/Downloads/hackBlox/Round02/data/train/undefined/pool_a98e64.jpg,0,0.8731517,scratch_consensus_round2,1.0
4631,/home/h3r0-k1ll3r/Downloads/hackBlox/Round02/data/train/undefined/pool_a99775.jpg,4,0.93677264,scratch_consensus_round2,1.0
4637,/home/h3r0-k1ll3r/Downloads/hackBlox/Round02/data/train/undefined/pool_a9b15e.jpg,5,0.89780015,scratch_consensus_round2,1.0
4640,/home/h3r0-k1ll3r/Downloads/hackBlox/Round02/data/train/undefined/pool_a9ba43.jpg,4,0.91332424,scratch_consensus_round2,1.0
4643,/home/h3r0-k1ll3r/Downloads/hackBlox/Round02/data/train/undefined/pool_a9ca53.jpg,5,0.8941675,scratch_consensus_round2,1.0
4647,/home/h3r0-k1ll3r/Downloads/hackBlox/Round02/data/train/undefined/pool_a9f24a.jpg,4,0.9162172,scratch_consensus_round2,1.0
4651,/home/h3r0-k1ll3r/Downloads/hackBlox/Round02/data/train/undefined/pool_aa0f3d.jpg,4,0.9151526,scratch_consensus_round2,1.0
4653,/home/h3r0-k1ll3r/Downloads/hackBlox/Round02/data/train/undefined/pool_aa22db.jpg,3,0.92134666,scratch_consensus_round2,1.0
4660,/home/h3r0-k1ll3r/Downloads/hackBlox/Round02/data/train/undefined/pool_aa82c6.jpg,4,0.9139732,scratch_consensus_round2,1.0
4669,/home/h3r0-k1ll3r/Downloads/hackBlox/Round02/data/train/undefined/pool_aab5e9.jpg,4,0.8574736,scratch_consensus_round2,1.0
4674,/home/h3r0-k1ll3r/Downloads/hackBlox/Round02/data/train/undefined/pool_aad805.jpg,2,0.8891508,scratch_consensus_round2,1.0
4677,/home/h3r0-k1ll3r/Downloads/hackBlox/Round02/data/train/undefined/pool_ab0fa6.jpg,4,0.85662943,scratch_consensus_round2,1.0
4679,/home/h3r0-k1ll3r/Downloads/hackBlox/Round02/data/train/undefined/pool_ab216a.jpg,3,0.90888846,scratch_consensus_round2,1.0
4681,/home/h3r0-k1ll3r/Downloads/hackBlox/Round02/data/train/undefined/pool_ab2e7f.jpg,1,0.91054916,scratch_consensus_round2,1.0
4694,/home/h3r0-k1ll3r/Downloads/hackBlox/Round02/data/train/undefined/pool_abb4d8.jpg,0,0.9190163,scratch_consensus_round2,1.0
4708,/home/h3r0-k1ll3r/Downloads/hackBlox/Round02/data/train/undefined/pool_ac58f2.jpg,3,0.8770266,scratch_consensus_round2,1.0
4709,/home/h3r0-k1ll3r/Downloads/hackBlox/Round02/data/train/undefined/pool_ac5910.jpg,5,0.9571178,scratch_consensus_round2,1.0
4712,/home/h3r0-k1ll3r/Downloads/hackBlox/Round02/data/train/undefined/pool_ac7c76.jpg,2,0.8593486,scratch_consensus_round2,1.0
4715,/home/h3r0-k1ll3r/Downloads/hackBlox/Round02/data/train/undefined/pool_aca682.jpg,5,0.94799286,scratch_consensus_round2,1.0
4721,/home/h3r0-k1ll3r/Downloads/hackBlox/Round02/data/train/undefined/pool_acfde7.jpg,3,0.9385941,scratch_consensus_round2,1.0
4723,/home/h3r0-k1ll3r/Downloads/hackBlox/Round02/data/train/undefined/pool_ad2650.jpg,4,0.8556616,scratch_consensus_round2,1.0
4725,/home/h3r0-k1ll3r/Downloads/hackBlox/Round02/data/train/undefined/pool_ad2e33.jpg,5,0.9292485,scratch_consensus_round2,1.0
4729,/home/h3r0-k1ll3r/Downloads/hackBlox/Round02/data/train/undefined/pool_ad7f5a.jpg,5,0.88878596,scratch_consensus_round2,1.0
4731,/home/h3r0-k1ll3r/Downloads/hackBlox/Round02/data/train/undefined/pool_ad87bb.jpg,3,0.9340919,scratch_consensus_round2,1.0
4734,/home/h3r0-k1ll3r/Downloads/hackBlox/Round02/data/train/undefined/pool_adb508.jpg,0,0.860016,scratch_consensus_round2,1.0
4741,/home/h3r0-k1ll3r/Downloads/hackBlox/Round02/data/train/undefined/pool_adec87.jpg,5,0.9289032,scratch_consensus_round2,1.0
4744,/home/h3r0-k1ll3r/Downloads/hackBlox/Round02/data/train/undefined/pool_ae0fab.jpg,4,0.9521678,scratch_consensus_round2,1.0
4748,/home/h3r0-k1ll3r/Downloads/hackBlox/Round02/data/train/undefined/pool_ae5c58.jpg,4,0.87782377,scratch_consensus_round2,1.0
4752,/home/h3r0-k1ll3r/Downloads/hackBlox/Round02/data/train/undefined/pool_ae9e58.jpg,5,0.9552676,scratch_consensus_round2,1.0
4754,/home/h3r0-k1ll3r/Downloads/hackBlox/Round02/data/train/undefined/pool_aeb98c.jpg,2,0.87190586,scratch_consensus_round2,1.0
4763,/home/h3r0-k1ll3r/Downloads/hackBlox/Round02/data/train/undefined/pool_af015d.jpg,4,0.9196712,scratch_consensus_round2,1.0
4774,/home/h3r0-k1ll3r/Downloads/hackBlox/Round02/data/train/undefined/pool_af9ec1.jpg,3,0.86561155,scratch_consensus_round2,1.0
4775,/home/h3r0-k1ll3r/Downloads/hackBlox/Round02/data/train/undefined/pool_afa007.jpg,5,0.8762934,scratch_consensus_round2,1.0
4776,/home/h3r0-k1ll3r/Downloads/hackBlox/Round02/data/train/undefined/pool_afa56a.jpg,0,0.9288477,scratch_consensus_round2,1.0
4790,/home/h3r0-k1ll3r/Downloads/hackBlox/Round02/data/train/undefined/pool_b014c1.jpg,2,0.90063363,scratch_consensus_round2,1.0
4792,/home/h3r0-k1ll3r/Downloads/hackBlox/Round02/data/train/undefined/pool_b01ed0.jpg,4,0.8781012,scratch_consensus_round2,1.0
4794,/home/h3r0-k1ll3r/Downloads/hackBlox/Round02/data/train/undefined/pool_b02bf6.jpg,4,0.9419106,scratch_consensus_round2,1.0
4795,/home/h3r0-k1ll3r/Downloads/hackBlox/Round02/data/train/undefined/pool_b0441d.jpg,4,0.9603846,scratch_consensus_round2,1.0
4796,/home/h3r0-k1ll3r/Downloads/hackBlox/Round02/data/train/undefined/pool_b05c23.jpg,3,0.8613737,scratch_consensus_round2,1.0
4801,/home/h3r0-k1ll3r/Downloads/hackBlox/Round02/data/train/undefined/pool_b0aa92.jpg,5,0.8526294,scratch_consensus_round2,1.0
4802,/home/h3r0-k1ll3r/Downloads/hackBlox/Round02/data/train/undefined/pool_b0afd2.jpg,5,0.9058545,scratch_consensus_round2,1.0
4803,/home/h3r0-k1ll3r/Downloads/hackBlox/Round02/data/train/undefined/pool_b0b540.jpg,5,0.91037494,scratch_consensus_round2,1.0
4806,/home/h3r0-k1ll3r/Downloads/hackBlox/Round02/data/train/undefined/pool_b0c827.jpg,1,0.9015051,scratch_consensus_round2,1.0
4807,/home/h3r0-k1ll3r/Downloads/hackBlox/Round02/data/train/undefined/pool_b0ca22.jpg,1,0.9110798,scratch_consensus_round2,1.0
4809,/home/h3r0-k1ll3r/Downloads/hackBlox/Round02/data/train/undefined/pool_b0cdab.jpg,3,0.9182422,scratch_consensus_round2,1.0
4810,/home/h3r0-k1ll3r/Downloads/hackBlox/Round02/data/train/undefined/pool_b0d29c.jpg,0,0.9087306,scratch_consensus_round2,1.0
4811,/home/h3r0-k1ll3r/Downloads/hackBlox/Round02/data/train/undefined/pool_b0d36f.jpg,2,0.9619202,scratch_consensus_round2,1.0
4816,/home/h3r0-k1ll3r/Downloads/hackBlox/Round02/data/train/undefined/pool_b0ffca.jpg,3,0.8630029,scratch_consensus_round2,1.0
4826,/home/h3r0-k1ll3r/Downloads/hackBlox/Round02/data/train/undefined/pool_b19269.jpg,3,0.9565054,scratch_consensus_round2,1.0
4827,/home/h3r0-k1ll3r/Downloads/hackBlox/Round02/data/train/undefined/pool_b19eff.jpg,1,0.886362,scratch_consensus_round2,1.0
4828,/home/h3r0-k1ll3r/Downloads/hackBlox/Round02/data/train/undefined/pool_b1a340.jpg,0,0.86167395,scratch_consensus_round2,1.0
4837,/home/h3r0-k1ll3r/Downloads/hackBlox/Round02/data/train/undefined/pool_b222ee.jpg,0,0.93111265,scratch_consensus_round2,1.0
4846,/home/h3r0-k1ll3r/Downloads/hackBlox/Round02/data/train/undefined/pool_b280af.jpg,1,0.94872034,scratch_consensus_round2,1.0
4857,/home/h3r0-k1ll3r/Downloads/hackBlox/Round02/data/train/undefined/pool_b3377e.jpg,4,0.87998515,scratch_consensus_round2,1.0
4875,/home/h3r0-k1ll3r/Downloads/hackBlox/Round02/data/train/undefined/pool_b3d5da.jpg,5,0.94488174,scratch_consensus_round2,1.0
4877,/home/h3r0-k1ll3r/Downloads/hackBlox/Round02/data/train/undefined/pool_b3e646.jpg,2,0.90265876,scratch_consensus_round2,1.0
4878,/home/h3r0-k1ll3r/Downloads/hackBlox/Round02/data/train/undefined/pool_b3f96a.jpg,5,0.9040937,scratch_consensus_round2,1.0
4882,/home/h3r0-k1ll3r/Downloads/hackBlox/Round02/data/train/undefined/pool_b43583.jpg,1,0.9351591,scratch_consensus_round2,1.0
4883,/home/h3r0-k1ll3r/Downloads/hackBlox/Round02/data/train/undefined/pool_b43d95.jpg,2,0.941573,scratch_consensus_round2,1.0
4888,/home/h3r0-k1ll3r/Downloads/hackBlox/Round02/data/train/undefined/pool_b4741a.jpg,3,0.8691519,scratch_consensus_round2,1.0
4894,/home/h3r0-k1ll3r/Downloads/hackBlox/Round02/data/train/undefined/pool_b494ed.jpg,4,0.9246507,scratch_consensus_round2,1.0
4901,/home/h3r0-k1ll3r/Downloads/hackBlox/Round02/data/train/undefined/pool_b4f1d3.jpg,2,0.8537292,scratch_consensus_round2,1.0
4911,/home/h3r0-k1ll3r/Downloads/hackBlox/Round02/data/train/undefined/pool_b5407e.jpg,0,0.8923509,scratch_consensus_round2,1.0
4923,/home/h3r0-k1ll3r/Downloads/hackBlox/Round02/data/train/undefined/pool_b58fa7.jpg,1,0.8979846,scratch_consensus_round2,1.0
4924,/home/h3r0-k1ll3r/Downloads/hackBlox/Round02/data/train/undefined/pool_b5b181.jpg,3,0.8802632,scratch_consensus_round2,1.0
4926,/home/h3r0-k1ll3r/Downloads/hackBlox/Round02/data/train/undefined/pool_b5bfcc.jpg,5,0.9453073,scratch_consensus_round2,1.0
4928,/home/h3r0-k1ll3r/Downloads/hackBlox/Round02/data/train/undefined/pool_b5f482.jpg,3,0.930977,scratch_consensus_round2,1.0
4932,/home/h3r0-k1ll3r/Downloads/hackBlox/Round02/data/train/undefined/pool_b6374d.jpg,1,0.8684628,scratch_consensus_round2,1.0
4934,/home/h3r0-k1ll3r/Downloads/hackBlox/Round02/data/train/undefined/pool_b63d0e.jpg,4,0.9119375,scratch_consensus_round2,1.0
4948,/home/h3r0-k1ll3r/Downloads/hackBlox/Round02/data/train/undefined/pool_b6a047.jpg,4,0.8629482,scratch_consensus_round2,1.0
4949,/home/h3r0-k1ll3r/Downloads/hackBlox/Round02/data/train/undefined/pool_b6a81d.jpg,0,0.9055796,scratch_consensus_round2,1.0
4952,/home/h3r0-k1ll3r/Downloads/hackBlox/Round02/data/train/undefined/pool_b6b9fe.jpg,0,0.9186212,scratch_consensus_round2,1.0
4958,/home/h3r0-k1ll3r/Downloads/hackBlox/Round02/data/train/undefined/pool_b7066b.jpg,0,0.9161233,scratch_consensus_round2,1.0
4964,/home/h3r0-k1ll3r/Downloads/hackBlox/Round02/data/train/undefined/pool_b753f2.jpg,3,0.9259595,scratch_consensus_round2,1.0
4968,/home/h3r0-k1ll3r/Downloads/hackBlox/Round02/data/train/undefined/pool_b78a50.jpg,4,0.8750769,scratch_consensus_round2,1.0
4972,/home/h3r0-k1ll3r/Downloads/hackBlox/Round02/data/train/undefined/pool_b7a5e1.jpg,5,0.8866856,scratch_consensus_round2,1.0
4981,/home/h3r0-k1ll3r/Downloads/hackBlox/Round02/data/train/undefined/pool_b80770.jpg,5,0.8781072,scratch_consensus_round2,1.0
4984,/home/h3r0-k1ll3r/Downloads/hackBlox/Round02/data/train/undefined/pool_b81a3b.jpg,4,0.9482456,scratch_consensus_round2,1.0
4989,/home/h3r0-k1ll3r/Downloads/hackBlox/Round02/data/train/undefined/pool_b848b4.jpg,4,0.8531301,scratch_consensus_round2,1.0
4998,/home/h3r0-k1ll3r/Downloads/hackBlox/Round02/data/train/undefined/pool_b897de.jpg,2,0.9194147,scratch_consensus_round2,1.0
4999,/home/h3r0-k1ll3r/Downloads/hackBlox/Round02/data/train/undefined/pool_b8a3cc.jpg,2,0.85063374,scratch_consensus_round2,1.0
5007,/home/h3r0-k1ll3r/Downloads/hackBlox/Round02/data/train/undefined/pool_b91e67.jpg,1,0.92742854,scratch_consensus_round2,1.0
5008,/home/h3r0-k1ll3r/Downloads/hackBlox/Round02/data/train/undefined/pool_b93565.jpg,2,0.94819474,scratch_consensus_round2,1.0
5018,/home/h3r0-k1ll3r/Downloads/hackBlox/Round02/data/train/undefined/pool_b9c4f0.jpg,1,0.9178026,scratch_consensus_round2,1.0
5038,/home/h3r0-k1ll3r/Downloads/hackBlox/Round02/data/train/undefined/pool_bac223.jpg,5,0.89093167,scratch_consensus_round2,1.0
5046,/home/h3r0-k1ll3r/Downloads/hackBlox/Round02/data/train/undefined/pool_bb035c.jpg,4,0.91442764,scratch_consensus_round2,1.0
5048,/home/h3r0-k1ll3r/Downloads/hackBlox/Round02/data/train/undefined/pool_bb0cee.jpg,4,0.8631089,scratch_consensus_round2,1.0
5061,/home/h3r0-k1ll3r/Downloads/hackBlox/Round02/data/train/undefined/pool_bbc59b.jpg,0,0.86153686,scratch_consensus_round2,1.0
5070,/home/h3r0-k1ll3r/Downloads/hackBlox/Round02/data/train/undefined/pool_bc1d7c.jpg,1,0.8826525,scratch_consensus_round2,1.0
5079,/home/h3r0-k1ll3r/Downloads/hackBlox/Round02/data/train/undefined/pool_bc9215.jpg,3,0.9425938,scratch_consensus_round2,1.0
5081,/home/h3r0-k1ll3r/Downloads/hackBlox/Round02/data/train/undefined/pool_bcb2d5.jpg,4,0.931289,scratch_consensus_round2,1.0
5083,/home/h3r0-k1ll3r/Downloads/hackBlox/Round02/data/train/undefined/pool_bcf4c8.jpg,0,0.9092675,scratch_consensus_round2,1.0
5084,/home/h3r0-k1ll3r/Downloads/hackBlox/Round02/data/train/undefined/pool_bd006b.jpg,5,0.96232265,scratch_consensus_round2,1.0
5104,/home/h3r0-k1ll3r/Downloads/hackBlox/Round02/data/train/undefined/pool_be2326.jpg,4,0.88715816,scratch_consensus_round2,1.0
5114,/home/h3r0-k1ll3r/Downloads/hackBlox/Round02/data/train/undefined/pool_be6cfc.jpg,0,0.85756457,scratch_consensus_round2,1.0
5116,/home/h3r0-k1ll3r/Downloads/hackBlox/Round02/data/train/undefined/pool_be7b8b.jpg,4,0.9117193,scratch_consensus_round2,1.0
5119,/home/h3r0-k1ll3r/Downloads/hackBlox/Round02/data/train/undefined/pool_be84de.jpg,4,0.86578876,scratch_consensus_round2,1.0
5124,/home/h3r0-k1ll3r/Downloads/hackBlox/Round02/data/train/undefined/pool_bea78c.jpg,1,0.9018488,scratch_consensus_round2,1.0
5129,/home/h3r0-k1ll3r/Downloads/hackBlox/Round02/data/train/undefined/pool_beefb8.jpg,4,0.8506771,scratch_consensus_round2,1.0
5131,/home/h3r0-k1ll3r/Downloads/hackBlox/Round02/data/train/undefined/pool_befdce.jpg,0,0.952604,scratch_consensus_round2,1.0
5132,/home/h3r0-k1ll3r/Downloads/hackBlox/Round02/data/train/undefined/pool_bf0ecd.jpg,0,0.96605974,scratch_consensus_round2,1.0
5136,/home/h3r0-k1ll3r/Downloads/hackBlox/Round02/data/train/undefined/pool_bf2ecb.jpg,4,0.936799,scratch_consensus_round2,1.0
5137,/home/h3r0-k1ll3r/Downloads/hackBlox/Round02/data/train/undefined/pool_bf341b.jpg,4,0.88431895,scratch_consensus_round2,1.0
5139,/home/h3r0-k1ll3r/Downloads/hackBlox/Round02/data/train/undefined/pool_bf3829.jpg,5,0.9084658,scratch_consensus_round2,1.0
5146,/home/h3r0-k1ll3r/Downloads/hackBlox/Round02/data/train/undefined/pool_bfa778.jpg,0,0.8927077,scratch_consensus_round2,1.0
5149,/home/h3r0-k1ll3r/Downloads/hackBlox/Round02/data/train/undefined/pool_bfb64e.jpg,1,0.9137452,scratch_consensus_round2,1.0
5156,/home/h3r0-k1ll3r/Downloads/hackBlox/Round02/data/train/undefined/pool_c02ddc.jpg,0,0.873232,scratch_consensus_round2,1.0
5161,/home/h3r0-k1ll3r/Downloads/hackBlox/Round02/data/train/undefined/pool_c0594d.jpg,4,0.93717873,scratch_consensus_round2,1.0
5162,/home/h3r0-k1ll3r/Downloads/hackBlox/Round02/data/train/undefined/pool_c062b7.jpg,2,0.85759723,scratch_consensus_round2,1.0
5164,/home/h3r0-k1ll3r/Downloads/hackBlox/Round02/data/train/undefined/pool_c06a88.jpg,3,0.9184122,scratch_consensus_round2,1.0
5176,/home/h3r0-k1ll3r/Downloads/hackBlox/Round02/data/train/undefined/pool_c1644f.jpg,4,0.9045285,scratch_consensus_round2,1.0
5177,/home/h3r0-k1ll3r/Downloads/hackBlox/Round02/data/train/undefined/pool_c167ac.jpg,1,0.9337554,scratch_consensus_round2,1.0
5185,/home/h3r0-k1ll3r/Downloads/hackBlox/Round02/data/train/undefined/pool_c1af7a.jpg,5,0.8974084,scratch_consensus_round2,1.0
5186,/home/h3r0-k1ll3r/Downloads/hackBlox/Round02/data/train/undefined/pool_c1c86a.jpg,1,0.87261665,scratch_consensus_round2,1.0
5193,/home/h3r0-k1ll3r/Downloads/hackBlox/Round02/data/train/undefined/pool_c21754.jpg,3,0.89341486,scratch_consensus_round2,1.0
5195,/home/h3r0-k1ll3r/Downloads/hackBlox/Round02/data/train/undefined/pool_c21e12.jpg,0,0.8973551,scratch_consensus_round2,1.0
5198,/home/h3r0-k1ll3r/Downloads/hackBlox/Round02/data/train/undefined/pool_c22cf9.jpg,4,0.9876022,scratch_consensus_round2,1.0
5218,/home/h3r0-k1ll3r/Downloads/hackBlox/Round02/data/train/undefined/pool_c34ee0.jpg,5,0.9023671,scratch_consensus_round2,1.0
5222,/home/h3r0-k1ll3r/Downloads/hackBlox/Round02/data/train/undefined/pool_c35772.jpg,5,0.93421274,scratch_consensus_round2,1.0
5230,/home/h3r0-k1ll3r/Downloads/hackBlox/Round02/data/train/undefined/pool_c3cf23.jpg,4,0.8795499,scratch_consensus_round2,1.0
5231,/home/h3r0-k1ll3r/Downloads/hackBlox/Round02/data/train/undefined/pool_c3dfe5.jpg,3,0.8759744,scratch_consensus_round2,1.0
5242,/home/h3r0-k1ll3r/Downloads/hackBlox/Round02/data/train/undefined/pool_c42619.jpg,5,0.95950603,scratch_consensus_round2,1.0
5249,/home/h3r0-k1ll3r/Downloads/hackBlox/Round02/data/train/undefined/pool_c46be4.jpg,3,0.9116751,scratch_consensus_round2,1.0
5254,/home/h3r0-k1ll3r/Downloads/hackBlox/Round02/data/train/undefined/pool_c47ce0.jpg,4,0.9466327,scratch_consensus_round2,1.0
5262,/home/h3r0-k1ll3r/Downloads/hackBlox/Round02/data/train/undefined/pool_c4cb73.jpg,0,0.8500522,scratch_consensus_round2,1.0
5264,/home/h3r0-k1ll3r/Downloads/hackBlox/Round02/data/train/undefined/pool_c4d113.jpg,1,0.8635241,scratch_consensus_round2,1.0
5265,/home/h3r0-k1ll3r/Downloads/hackBlox/Round02/data/train/undefined/pool_c4d2d2.jpg,0,0.92825544,scratch_consensus_round2,1.0
5283,/home/h3r0-k1ll3r/Downloads/hackBlox/Round02/data/train/undefined/pool_c5df60.jpg,4,0.9197813,scratch_consensus_round2,1.0
5286,/home/h3r0-k1ll3r/Downloads/hackBlox/Round02/data/train/undefined/pool_c61328.jpg,3,0.8693401,scratch_consensus_round2,1.0
5287,/home/h3r0-k1ll3r/Downloads/hackBlox/Round02/data/train/undefined/pool_c61b34.jpg,1,0.9093664,scratch_consensus_round2,1.0
5292,/home/h3r0-k1ll3r/Downloads/hackBlox/Round02/data/train/undefined/pool_c64821.jpg,1,0.87541395,scratch_consensus_round2,1.0
5302,/home/h3r0-k1ll3r/Downloads/hackBlox/Round02/data/train/undefined/pool_c692a4.jpg,4,0.86249274,scratch_consensus_round2,1.0
5306,/home/h3r0-k1ll3r/Downloads/hackBlox/Round02/data/train/undefined/pool_c6afd9.jpg,2,0.91373926,scratch_consensus_round2,1.0
5310,/home/h3r0-k1ll3r/Downloads/hackBlox/Round02/data/train/undefined/pool_c6c42f.jpg,3,0.9043316,scratch_consensus_round2,1.0
5315,/home/h3r0-k1ll3r/Downloads/hackBlox/Round02/data/train/undefined/pool_c70ab9.jpg,2,0.9021531,scratch_consensus_round2,1.0
5325,/home/h3r0-k1ll3r/Downloads/hackBlox/Round02/data/train/undefined/pool_c7b92c.jpg,0,0.9241742,scratch_consensus_round2,1.0
5334,/home/h3r0-k1ll3r/Downloads/hackBlox/Round02/data/train/undefined/pool_c7f49b.jpg,3,0.9525294,scratch_consensus_round2,1.0
5335,/home/h3r0-k1ll3r/Downloads/hackBlox/Round02/data/train/undefined/pool_c7f596.jpg,2,0.87578,scratch_consensus_round2,1.0
5340,/home/h3r0-k1ll3r/Downloads/hackBlox/Round02/data/train/undefined/pool_c83302.jpg,4,0.9453471,scratch_consensus_round2,1.0
5344,/home/h3r0-k1ll3r/Downloads/hackBlox/Round02/data/train/undefined/pool_c8a1ba.jpg,2,0.8838907,scratch_consensus_round2,1.0
5361,/home/h3r0-k1ll3r/Downloads/hackBlox/Round02/data/train/undefined/pool_c974d6.jpg,4,0.8606468,scratch_consensus_round2,1.0
5373,/home/h3r0-k1ll3r/Downloads/hackBlox/Round02/data/train/undefined/pool_c9d20f.jpg,5,0.9158072,scratch_consensus_round2,1.0
5377,/home/h3r0-k1ll3r/Downloads/hackBlox/Round02/data/train/undefined/pool_ca0cc9.jpg,0,0.8717444,scratch_consensus_round2,1.0
5387,/home/h3r0-k1ll3r/Downloads/hackBlox/Round02/data/train/undefined/pool_ca88a5.jpg,4,0.8670089,scratch_consensus_round2,1.0
5388,/home/h3r0-k1ll3r/Downloads/hackBlox/Round02/data/train/undefined/pool_ca8b93.jpg,4,0.9523826,scratch_consensus_round2,1.0
5393,/home/h3r0-k1ll3r/Downloads/hackBlox/Round02/data/train/undefined/pool_cadd41.jpg,3,0.8919575,scratch_consensus_round2,1.0
5397,/home/h3r0-k1ll3r/Downloads/hackBlox/Round02/data/train/undefined/pool_caf435.jpg,1,0.8716385,scratch_consensus_round2,1.0
5404,/home/h3r0-k1ll3r/Downloads/hackBlox/Round02/data/train/undefined/pool_cb36b9.jpg,4,0.8981369,scratch_consensus_round2,1.0
5406,/home/h3r0-k1ll3r/Downloads/hackBlox/Round02/data/train/undefined/pool_cb37cd.jpg,1,0.914752,scratch_consensus_round2,1.0
5414,/home/h3r0-k1ll3r/Downloads/hackBlox/Round02/data/train/undefined/pool_cb7b60.jpg,2,0.8518553,scratch_consensus_round2,1.0
5418,/home/h3r0-k1ll3r/Downloads/hackBlox/Round02/data/train/undefined/pool_cbabe9.jpg,3,0.9475648,scratch_consensus_round2,1.0
5425,/home/h3r0-k1ll3r/Downloads/hackBlox/Round02/data/train/undefined/pool_cc0dd2.jpg,1,0.9177384,scratch_consensus_round2,1.0
5430,/home/h3r0-k1ll3r/Downloads/hackBlox/Round02/data/train/undefined/pool_cc5abd.jpg,1,0.8651364,scratch_consensus_round2,1.0
5433,/home/h3r0-k1ll3r/Downloads/hackBlox/Round02/data/train/undefined/pool_cc7009.jpg,4,0.98468494,scratch_consensus_round2,1.0
5435,/home/h3r0-k1ll3r/Downloads/hackBlox/Round02/data/train/undefined/pool_cc7f03.jpg,0,0.9032989,scratch_consensus_round2,1.0
5436,/home/h3r0-k1ll3r/Downloads/hackBlox/Round02/data/train/undefined/pool_cc861c.jpg,3,0.9279992,scratch_consensus_round2,1.0
5440,/home/h3r0-k1ll3r/Downloads/hackBlox/Round02/data/train/undefined/pool_cc9963.jpg,2,0.94276106,scratch_consensus_round2,1.0
5448,/home/h3r0-k1ll3r/Downloads/hackBlox/Round02/data/train/undefined/pool_ccdd52.jpg,2,0.89458865,scratch_consensus_round2,1.0
5456,/home/h3r0-k1ll3r/Downloads/hackBlox/Round02/data/train/undefined/pool_cd1056.jpg,3,0.8893855,scratch_consensus_round2,1.0
5462,/home/h3r0-k1ll3r/Downloads/hackBlox/Round02/data/train/undefined/pool_cd7695.jpg,3,0.8703148,scratch_consensus_round2,1.0
5463,/home/h3r0-k1ll3r/Downloads/hackBlox/Round02/data/train/undefined/pool_cd7dd2.jpg,4,0.90050834,scratch_consensus_round2,1.0
5464,/home/h3r0-k1ll3r/Downloads/hackBlox/Round02/data/train/undefined/pool_cd81e0.jpg,1,0.8847576,scratch_consensus_round2,1.0
5472,/home/h3r0-k1ll3r/Downloads/hackBlox/Round02/data/train/undefined/pool_ce8810.jpg,3,0.86021096,scratch_consensus_round2,1.0
5475,/home/h3r0-k1ll3r/Downloads/hackBlox/Round02/data/train/undefined/pool_ce8e46.jpg,1,0.9113237,scratch_consensus_round2,1.0
5478,/home/h3r0-k1ll3r/Downloads/hackBlox/Round02/data/train/undefined/pool_cec2d1.jpg,3,0.8630243,scratch_consensus_round2,1.0
5481,/home/h3r0-k1ll3r/Downloads/hackBlox/Round02/data/train/undefined/pool_cee6ca.jpg,0,0.9232731,scratch_consensus_round2,1.0
5491,/home/h3r0-k1ll3r/Downloads/hackBlox/Round02/data/train/undefined/pool_cf4f0a.jpg,4,0.93546456,scratch_consensus_round2,1.0
5495,/home/h3r0-k1ll3r/Downloads/hackBlox/Round02/data/train/undefined/pool_cf7f28.jpg,2,0.899601,scratch_consensus_round2,1.0
5499,/home/h3r0-k1ll3r/Downloads/hackBlox/Round02/data/train/undefined/pool_cfaad6.jpg,2,0.9084118,scratch_consensus_round2,1.0
5503,/home/h3r0-k1ll3r/Downloads/hackBlox/Round02/data/train/undefined/pool_cff4be.jpg,0,0.88822556,scratch_consensus_round2,1.0
5506,/home/h3r0-k1ll3r/Downloads/hackBlox/Round02/data/train/undefined/pool_d00ddb.jpg,2,0.9085672,scratch_consensus_round2,1.0
5507,/home/h3r0-k1ll3r/Downloads/hackBlox/Round02/data/train/undefined/pool_d01a2f.jpg,4,0.86088824,scratch_consensus_round2,1.0
5511,/home/h3r0-k1ll3r/Downloads/hackBlox/Round02/data/train/undefined/pool_d08991.jpg,0,0.9134055,scratch_consensus_round2,1.0
5518,/home/h3r0-k1ll3r/Downloads/hackBlox/Round02/data/train/undefined/pool_d0b1e8.jpg,0,0.8538524,scratch_consensus_round2,1.0
5523,/home/h3r0-k1ll3r/Downloads/hackBlox/Round02/data/train/undefined/pool_d1073a.jpg,4,0.85049456,scratch_consensus_round2,1.0
5525,/home/h3r0-k1ll3r/Downloads/hackBlox/Round02/data/train/undefined/pool_d10f51.jpg,5,0.91794705,scratch_consensus_round2,1.0
5528,/home/h3r0-k1ll3r/Downloads/hackBlox/Round02/data/train/undefined/pool_d118cd.jpg,3,0.95433354,scratch_consensus_round2,1.0
5533,/home/h3r0-k1ll3r/Downloads/hackBlox/Round02/data/train/undefined/pool_d15f6e.jpg,1,0.9138462,scratch_consensus_round2,1.0
5536,/home/h3r0-k1ll3r/Downloads/hackBlox/Round02/data/train/undefined/pool_d16d25.jpg,3,0.9261057,scratch_consensus_round2,1.0
5538,/home/h3r0-k1ll3r/Downloads/hackBlox/Round02/data/train/undefined/pool_d17523.jpg,3,0.9399588,scratch_consensus_round2,1.0
5542,/home/h3r0-k1ll3r/Downloads/hackBlox/Round02/data/train/undefined/pool_d19066.jpg,0,0.9113994,scratch_consensus_round2,1.0
5544,/home/h3r0-k1ll3r/Downloads/hackBlox/Round02/data/train/undefined/pool_d19996.jpg,4,0.9711745,scratch_consensus_round2,1.0
5545,/home/h3r0-k1ll3r/Downloads/hackBlox/Round02/data/train/undefined/pool_d19ffd.jpg,1,0.85200536,scratch_consensus_round2,1.0
5551,/home/h3r0-k1ll3r/Downloads/hackBlox/Round02/data/train/undefined/pool_d1ef71.jpg,3,0.9250622,scratch_consensus_round2,1.0
5553,/home/h3r0-k1ll3r/Downloads/hackBlox/Round02/data/train/undefined/pool_d1fd58.jpg,5,0.9545504,scratch_consensus_round2,1.0
5567,/home/h3r0-k1ll3r/Downloads/hackBlox/Round02/data/train/undefined/pool_d2b20c.jpg,3,0.94293797,scratch_consensus_round2,1.0
5579,/home/h3r0-k1ll3r/Downloads/hackBlox/Round02/data/train/undefined/pool_d336ce.jpg,3,0.87197274,scratch_consensus_round2,1.0
5588,/home/h3r0-k1ll3r/Downloads/hackBlox/Round02/data/train/undefined/pool_d378c2.jpg,4,0.8535988,scratch_consensus_round2,1.0
5589,/home/h3r0-k1ll3r/Downloads/hackBlox/Round02/data/train/undefined/pool_d37da9.jpg,3,0.8840317,scratch_consensus_round2,1.0
5591,/home/h3r0-k1ll3r/Downloads/hackBlox/Round02/data/train/undefined/pool_d38d2e.jpg,2,0.89065856,scratch_consensus_round2,1.0
5603,/home/h3r0-k1ll3r/Downloads/hackBlox/Round02/data/train/undefined/pool_d401b5.jpg,3,0.8654027,scratch_consensus_round2,1.0
5610,/home/h3r0-k1ll3r/Downloads/hackBlox/Round02/data/train/undefined/pool_d4339c.jpg,2,0.86843616,scratch_consensus_round2,1.0
5618,/home/h3r0-k1ll3r/Downloads/hackBlox/Round02/data/train/undefined/pool_d46a3f.jpg,2,0.90368754,scratch_consensus_round2,1.0
5623,/home/h3r0-k1ll3r/Downloads/hackBlox/Round02/data/train/undefined/pool_d4bdc4.jpg,1,0.88956445,scratch_consensus_round2,1.0
5627,/home/h3r0-k1ll3r/Downloads/hackBlox/Round02/data/train/undefined/pool_d4ed50.jpg,5,0.9482808,scratch_consensus_round2,1.0
5630,/home/h3r0-k1ll3r/Downloads/hackBlox/Round02/data/train/undefined/pool_d4fce6.jpg,1,0.86749786,scratch_consensus_round2,1.0
5635,/home/h3r0-k1ll3r/Downloads/hackBlox/Round02/data/train/undefined/pool_d5215a.jpg,4,0.87854826,scratch_consensus_round2,1.0
5636,/home/h3r0-k1ll3r/Downloads/hackBlox/Round02/data/train/undefined/pool_d52310.jpg,4,0.9352907,scratch_consensus_round2,1.0
5638,/home/h3r0-k1ll3r/Downloads/hackBlox/Round02/data/train/undefined/pool_d55e40.jpg,4,0.9326344,scratch_consensus_round2,1.0
5639,/home/h3r0-k1ll3r/Downloads/hackBlox/Round02/data/train/undefined/pool_d56381.jpg,4,0.92955196,scratch_consensus_round2,1.0
5646,/home/h3r0-k1ll3r/Downloads/hackBlox/Round02/data/train/undefined/pool_d5a0b9.jpg,0,0.8591842,scratch_consensus_round2,1.0
5649,/home/h3r0-k1ll3r/Downloads/hackBlox/Round02/data/train/undefined/pool_d5d563.jpg,3,0.9136813,scratch_consensus_round2,1.0
5650,/home/h3r0-k1ll3r/Downloads/hackBlox/Round02/data/train/undefined/pool_d5df3f.jpg,3,0.90004677,scratch_consensus_round2,1.0
5651,/home/h3r0-k1ll3r/Downloads/hackBlox/Round02/data/train/undefined/pool_d5e247.jpg,3,0.9282356,scratch_consensus_round2,1.0
5654,/home/h3r0-k1ll3r/Downloads/hackBlox/Round02/data/train/undefined/pool_d5fc8d.jpg,3,0.8762685,scratch_consensus_round2,1.0
5661,/home/h3r0-k1ll3r/Downloads/hackBlox/Round02/data/train/undefined/pool_d685b0.jpg,2,0.954995,scratch_consensus_round2,1.0
5664,/home/h3r0-k1ll3r/Downloads/hackBlox/Round02/data/train/undefined/pool_d690b3.jpg,1,0.8815228,scratch_consensus_round2,1.0
5670,/home/h3r0-k1ll3r/Downloads/hackBlox/Round02/data/train/undefined/pool_d6fa1f.jpg,4,0.9028678,scratch_consensus_round2,1.0
5671,/home/h3r0-k1ll3r/Downloads/hackBlox/Round02/data/train/undefined/pool_d72654.jpg,1,0.8819126,scratch_consensus_round2,1.0
5677,/home/h3r0-k1ll3r/Downloads/hackBlox/Round02/data/train/undefined/pool_d74e05.jpg,5,0.94131905,scratch_consensus_round2,1.0
5695,/home/h3r0-k1ll3r/Downloads/hackBlox/Round02/data/train/undefined/pool_d82a86.jpg,0,0.9573123,scratch_consensus_round2,1.0
5696,/home/h3r0-k1ll3r/Downloads/hackBlox/Round02/data/train/undefined/pool_d842a9.jpg,4,0.95700216,scratch_consensus_round2,1.0
5697,/home/h3r0-k1ll3r/Downloads/hackBlox/Round02/data/train/undefined/pool_d84ad9.jpg,3,0.8636179,scratch_consensus_round2,1.0
5718,/home/h3r0-k1ll3r/Downloads/hackBlox/Round02/data/train/undefined/pool_d94b52.jpg,0,0.87438476,scratch_consensus_round2,1.0
5719,/home/h3r0-k1ll3r/Downloads/hackBlox/Round02/data/train/undefined/pool_d9641e.jpg,3,0.93006307,scratch_consensus_round2,1.0
5720,/home/h3r0-k1ll3r/Downloads/hackBlox/Round02/data/train/undefined/pool_d9787f.jpg,5,0.93004304,scratch_consensus_round2,1.0
5731,/home/h3r0-k1ll3r/Downloads/hackBlox/Round02/data/train/undefined/pool_d9dcf6.jpg,5,0.85330206,scratch_consensus_round2,1.0
5735,/home/h3r0-k1ll3r/Downloads/hackBlox/Round02/data/train/undefined/pool_da2f53.jpg,1,0.86598635,scratch_consensus_round2,1.0
5739,/home/h3r0-k1ll3r/Downloads/hackBlox/Round02/data/train/undefined/pool_da476e.jpg,0,0.87347656,scratch_consensus_round2,1.0
5743,/home/h3r0-k1ll3r/Downloads/hackBlox/Round02/data/train/undefined/pool_da75b2.jpg,4,0.90064913,scratch_consensus_round2,1.0
5746,/home/h3r0-k1ll3r/Downloads/hackBlox/Round02/data/train/undefined/pool_da7d65.jpg,5,0.9168738,scratch_consensus_round2,1.0
5751,/home/h3r0-k1ll3r/Downloads/hackBlox/Round02/data/train/undefined/pool_dab79a.jpg,1,0.91445243,scratch_consensus_round2,1.0
5759,/home/h3r0-k1ll3r/Downloads/hackBlox/Round02/data/train/undefined/pool_dae5de.jpg,1,0.8515813,scratch_consensus_round2,1.0
5763,/home/h3r0-k1ll3r/Downloads/hackBlox/Round02/data/train/undefined/pool_db29f8.jpg,4,0.92576885,scratch_consensus_round2,1.0
5765,/home/h3r0-k1ll3r/Downloads/hackBlox/Round02/data/train/undefined/pool_db389f.jpg,0,0.9397458,scratch_consensus_round2,1.0
5769,/home/h3r0-k1ll3r/Downloads/hackBlox/Round02/data/train/undefined/pool_db6c46.jpg,0,0.89353293,scratch_consensus_round2,1.0
5775,/home/h3r0-k1ll3r/Downloads/hackBlox/Round02/data/train/undefined/pool_dbaca5.jpg,3,0.8772128,scratch_consensus_round2,1.0
5776,/home/h3r0-k1ll3r/Downloads/hackBlox/Round02/data/train/undefined/pool_dbbf3c.jpg,5,0.8541072,scratch_consensus_round2,1.0
5779,/home/h3r0-k1ll3r/Downloads/hackBlox/Round02/data/train/undefined/pool_dbd8a6.jpg,2,0.8533288,scratch_consensus_round2,1.0
5783,/home/h3r0-k1ll3r/Downloads/hackBlox/Round02/data/train/undefined/pool_dc0065.jpg,2,0.95512086,scratch_consensus_round2,1.0
5787,/home/h3r0-k1ll3r/Downloads/hackBlox/Round02/data/train/undefined/pool_dc1bd0.jpg,5,0.956072,scratch_consensus_round2,1.0
5791,/home/h3r0-k1ll3r/Downloads/hackBlox/Round02/data/train/undefined/pool_dc36f1.jpg,5,0.9093714,scratch_consensus_round2,1.0
5801,/home/h3r0-k1ll3r/Downloads/hackBlox/Round02/data/train/undefined/pool_dc9d16.jpg,2,0.91473407,scratch_consensus_round2,1.0
5802,/home/h3r0-k1ll3r/Downloads/hackBlox/Round02/data/train/undefined/pool_dcaec9.jpg,0,0.886893,scratch_consensus_round2,1.0
5803,/home/h3r0-k1ll3r/Downloads/hackBlox/Round02/data/train/undefined/pool_dcc632.jpg,2,0.8965974,scratch_consensus_round2,1.0
5804,/home/h3r0-k1ll3r/Downloads/hackBlox/Round02/data/train/undefined/pool_dcd82b.jpg,2,0.9389875,scratch_consensus_round2,1.0
5807,/home/h3r0-k1ll3r/Downloads/hackBlox/Round02/data/train/undefined/pool_dd05e9.jpg,5,0.97203606,scratch_consensus_round2,1.0
5811,/home/h3r0-k1ll3r/Downloads/hackBlox/Round02/data/train/undefined/pool_dd5b47.jpg,5,0.9154465,scratch_consensus_round2,1.0
5814,/home/h3r0-k1ll3r/Downloads/hackBlox/Round02/data/train/undefined/pool_dd8cd8.jpg,0,0.91868746,scratch_consensus_round2,1.0
5818,/home/h3r0-k1ll3r/Downloads/hackBlox/Round02/data/train/undefined/pool_ddc9bd.jpg,3,0.9107155,scratch_consensus_round2,1.0
5820,/home/h3r0-k1ll3r/Downloads/hackBlox/Round02/data/train/undefined/pool_ddd2a3.jpg,3,0.9166722,scratch_consensus_round2,1.0
5822,/home/h3r0-k1ll3r/Downloads/hackBlox/Round02/data/train/undefined/pool_de0bc2.jpg,2,0.91186124,scratch_consensus_round2,1.0
5825,/home/h3r0-k1ll3r/Downloads/hackBlox/Round02/data/train/undefined/pool_de2280.jpg,1,0.8682854,scratch_consensus_round2,1.0
5830,/home/h3r0-k1ll3r/Downloads/hackBlox/Round02/data/train/undefined/pool_de49ce.jpg,5,0.8780539,scratch_consensus_round2,1.0
5842,/home/h3r0-k1ll3r/Downloads/hackBlox/Round02/data/train/undefined/pool_def3de.jpg,5,0.8622426,scratch_consensus_round2,1.0
5843,/home/h3r0-k1ll3r/Downloads/hackBlox/Round02/data/train/undefined/pool_def6e8.jpg,4,0.8847129,scratch_consensus_round2,1.0
5857,/home/h3r0-k1ll3r/Downloads/hackBlox/Round02/data/train/undefined/pool_dfb041.jpg,3,0.8757599,scratch_consensus_round2,1.0
5863,/home/h3r0-k1ll3r/Downloads/hackBlox/Round02/data/train/undefined/pool_e01196.jpg,1,0.9285091,scratch_consensus_round2,1.0
5864,/home/h3r0-k1ll3r/Downloads/hackBlox/Round02/data/train/undefined/pool_e01ebf.jpg,4,0.94021744,scratch_consensus_round2,1.0
5865,/home/h3r0-k1ll3r/Downloads/hackBlox/Round02/data/train/undefined/pool_e02ba1.jpg,2,0.90246636,scratch_consensus_round2,1.0
5866,/home/h3r0-k1ll3r/Downloads/hackBlox/Round02/data/train/undefined/pool_e03e48.jpg,2,0.9175812,scratch_consensus_round2,1.0
5868,/home/h3r0-k1ll3r/Downloads/hackBlox/Round02/data/train/undefined/pool_e050d8.jpg,4,0.93951845,scratch_consensus_round2,1.0
5869,/home/h3r0-k1ll3r/Downloads/hackBlox/Round02/data/train/undefined/pool_e0900e.jpg,2,0.8571268,scratch_consensus_round2,1.0
5872,/home/h3r0-k1ll3r/Downloads/hackBlox/Round02/data/train/undefined/pool_e0b874.jpg,5,0.91549116,scratch_consensus_round2,1.0
5878,/home/h3r0-k1ll3r/Downloads/hackBlox/Round02/data/train/undefined/pool_e105e0.jpg,2,0.94093305,scratch_consensus_round2,1.0
5881,/home/h3r0-k1ll3r/Downloads/hackBlox/Round02/data/train/undefined/pool_e12d12.jpg,3,0.9416356,scratch_consensus_round2,1.0
5883,/home/h3r0-k1ll3r/Downloads/hackBlox/Round02/data/train/undefined/pool_e14605.jpg,2,0.9121527,scratch_consensus_round2,1.0
5884,/home/h3r0-k1ll3r/Downloads/hackBlox/Round02/data/train/undefined/pool_e14e03.jpg,0,0.8639589,scratch_consensus_round2,1.0
5891,/home/h3r0-k1ll3r/Downloads/hackBlox/Round02/data/train/undefined/pool_e180df.jpg,4,0.8879439,scratch_consensus_round2,1.0
5903,/home/h3r0-k1ll3r/Downloads/hackBlox/Round02/data/train/undefined/pool_e2236a.jpg,2,0.90363556,scratch_consensus_round2,1.0
5911,/home/h3r0-k1ll3r/Downloads/hackBlox/Round02/data/train/undefined/pool_e28671.jpg,1,0.859741,scratch_consensus_round2,1.0
5913,/home/h3r0-k1ll3r/Downloads/hackBlox/Round02/data/train/undefined/pool_e293ee.jpg,5,0.92214423,scratch_consensus_round2,1.0
5915,/home/h3r0-k1ll3r/Downloads/hackBlox/Round02/data/train/undefined/pool_e2c2d9.jpg,4,0.91804886,scratch_consensus_round2,1.0
5919,/home/h3r0-k1ll3r/Downloads/hackBlox/Round02/data/train/undefined/pool_e2fa8e.jpg,0,0.8668955,scratch_consensus_round2,1.0
5921,/home/h3r0-k1ll3r/Downloads/hackBlox/Round02/data/train/undefined/pool_e35f0c.jpg,5,0.9320232,scratch_consensus_round2,1.0
5931,/home/h3r0-k1ll3r/Downloads/hackBlox/Round02/data/train/undefined/pool_e3ab9f.jpg,4,0.96782684,scratch_consensus_round2,1.0
5937,/home/h3r0-k1ll3r/Downloads/hackBlox/Round02/data/train/undefined/pool_e3c0fe.jpg,3,0.9282089,scratch_consensus_round2,1.0
5940,/home/h3r0-k1ll3r/Downloads/hackBlox/Round02/data/train/undefined/pool_e3d1aa.jpg,5,0.90391296,scratch_consensus_round2,1.0
5943,/home/h3r0-k1ll3r/Downloads/hackBlox/Round02/data/train/undefined/pool_e3eac1.jpg,1,0.9228292,scratch_consensus_round2,1.0
5950,/home/h3r0-k1ll3r/Downloads/hackBlox/Round02/data/train/undefined/pool_e40f1c.jpg,2,0.929698,scratch_consensus_round2,1.0
5958,/home/h3r0-k1ll3r/Downloads/hackBlox/Round02/data/train/undefined/pool_e44da8.jpg,2,0.8623952,scratch_consensus_round2,1.0
5961,/home/h3r0-k1ll3r/Downloads/hackBlox/Round02/data/train/undefined/pool_e48713.jpg,0,0.9238746,scratch_consensus_round2,1.0
5964,/home/h3r0-k1ll3r/Downloads/hackBlox/Round02/data/train/undefined/pool_e494ba.jpg,3,0.8820363,scratch_consensus_round2,1.0
5970,/home/h3r0-k1ll3r/Downloads/hackBlox/Round02/data/train/undefined/pool_e4b32f.jpg,1,0.85939896,scratch_consensus_round2,1.0
5973,/home/h3r0-k1ll3r/Downloads/hackBlox/Round02/data/train/undefined/pool_e4cebb.jpg,0,0.895926,scratch_consensus_round2,1.0
5976,/home/h3r0-k1ll3r/Downloads/hackBlox/Round02/data/train/undefined/pool_e4f3d6.jpg,5,0.923323,scratch_consensus_round2,1.0
5983,/home/h3r0-k1ll3r/Downloads/hackBlox/Round02/data/train/undefined/pool_e53910.jpg,0,0.85875505,scratch_consensus_round2,1.0
5989,/home/h3r0-k1ll3r/Downloads/hackBlox/Round02/data/train/undefined/pool_e57d63.jpg,0,0.90811807,scratch_consensus_round2,1.0
5991,/home/h3r0-k1ll3r/Downloads/hackBlox/Round02/data/train/undefined/pool_e5951c.jpg,4,0.89567095,scratch_consensus_round2,1.0
5994,/home/h3r0-k1ll3r/Downloads/hackBlox/Round02/data/train/undefined/pool_e5b3dc.jpg,1,0.88646567,scratch_consensus_round2,1.0
6003,/home/h3r0-k1ll3r/Downloads/hackBlox/Round02/data/train/undefined/pool_e61c9c.jpg,4,0.8742532,scratch_consensus_round2,1.0
6005,/home/h3r0-k1ll3r/Downloads/hackBlox/Round02/data/train/undefined/pool_e64a00.jpg,0,0.8622437,scratch_consensus_round2,1.0
6011,/home/h3r0-k1ll3r/Downloads/hackBlox/Round02/data/train/undefined/pool_e6808b.jpg,2,0.9551699,scratch_consensus_round2,1.0
6015,/home/h3r0-k1ll3r/Downloads/hackBlox/Round02/data/train/undefined/pool_e6ab53.jpg,5,0.8604763,scratch_consensus_round2,1.0
6019,/home/h3r0-k1ll3r/Downloads/hackBlox/Round02/data/train/undefined/pool_e6d2a8.jpg,2,0.90517414,scratch_consensus_round2,1.0
6039,/home/h3r0-k1ll3r/Downloads/hackBlox/Round02/data/train/undefined/pool_e7961c.jpg,1,0.8985254,scratch_consensus_round2,1.0
6040,/home/h3r0-k1ll3r/Downloads/hackBlox/Round02/data/train/undefined/pool_e79c20.jpg,4,0.8612947,scratch_consensus_round2,1.0
6044,/home/h3r0-k1ll3r/Downloads/hackBlox/Round02/data/train/undefined/pool_e7c83d.jpg,2,0.9363712,scratch_consensus_round2,1.0
6048,/home/h3r0-k1ll3r/Downloads/hackBlox/Round02/data/train/undefined/pool_e7fd80.jpg,5,0.9281937,scratch_consensus_round2,1.0
6051,/home/h3r0-k1ll3r/Downloads/hackBlox/Round02/data/train/undefined/pool_e81e59.jpg,0,0.934612,scratch_consensus_round2,1.0
6054,/home/h3r0-k1ll3r/Downloads/hackBlox/Round02/data/train/undefined/pool_e86113.jpg,5,0.8643611,scratch_consensus_round2,1.0
6055,/home/h3r0-k1ll3r/Downloads/hackBlox/Round02/data/train/undefined/pool_e865b0.jpg,3,0.8695806,scratch_consensus_round2,1.0
6061,/home/h3r0-k1ll3r/Downloads/hackBlox/Round02/data/train/undefined/pool_e8abea.jpg,0,0.86355484,scratch_consensus_round2,1.0
6067,/home/h3r0-k1ll3r/Downloads/hackBlox/Round02/data/train/undefined/pool_e8fa2c.jpg,4,0.8880773,scratch_consensus_round2,1.0
6069,/home/h3r0-k1ll3r/Downloads/hackBlox/Round02/data/train/undefined/pool_e90d9c.jpg,3,0.924916,scratch_consensus_round2,1.0
6077,/home/h3r0-k1ll3r/Downloads/hackBlox/Round02/data/train/undefined/pool_e9821a.jpg,0,0.8661913,scratch_consensus_round2,1.0
6079,/home/h3r0-k1ll3r/Downloads/hackBlox/Round02/data/train/undefined/pool_e98797.jpg,3,0.92946875,scratch_consensus_round2,1.0
6080,/home/h3r0-k1ll3r/Downloads/hackBlox/Round02/data/train/undefined/pool_e997a0.jpg,2,0.9341731,scratch_consensus_round2,1.0
6085,/home/h3r0-k1ll3r/Downloads/hackBlox/Round02/data/train/undefined/pool_e9ba35.jpg,1,0.92635494,scratch_consensus_round2,1.0
6087,/home/h3r0-k1ll3r/Downloads/hackBlox/Round02/data/train/undefined/pool_e9e321.jpg,4,0.95213044,scratch_consensus_round2,1.0
6093,/home/h3r0-k1ll3r/Downloads/hackBlox/Round02/data/train/undefined/pool_ea556d.jpg,5,0.9058121,scratch_consensus_round2,1.0
6094,/home/h3r0-k1ll3r/Downloads/hackBlox/Round02/data/train/undefined/pool_ea6e8c.jpg,1,0.8855632,scratch_consensus_round2,1.0
6097,/home/h3r0-k1ll3r/Downloads/hackBlox/Round02/data/train/undefined/pool_ea80ea.jpg,1,0.8807117,scratch_consensus_round2,1.0
6104,/home/h3r0-k1ll3r/Downloads/hackBlox/Round02/data/train/undefined/pool_eaf73d.jpg,3,0.8637929,scratch_consensus_round2,1.0
6106,/home/h3r0-k1ll3r/Downloads/hackBlox/Round02/data/train/undefined/pool_eb0112.jpg,5,0.89195174,scratch_consensus_round2,1.0
6113,/home/h3r0-k1ll3r/Downloads/hackBlox/Round02/data/train/undefined/pool_eb36c6.jpg,4,0.8622086,scratch_consensus_round2,1.0
6118,/home/h3r0-k1ll3r/Downloads/hackBlox/Round02/data/train/undefined/pool_eb5672.jpg,5,0.8588383,scratch_consensus_round2,1.0
6120,/home/h3r0-k1ll3r/Downloads/hackBlox/Round02/data/train/undefined/pool_eb61b7.jpg,1,0.87897,scratch_consensus_round2,1.0
6121,/home/h3r0-k1ll3r/Downloads/hackBlox/Round02/data/train/undefined/pool_eb6b9d.jpg,4,0.9150032,scratch_consensus_round2,1.0
6129,/home/h3r0-k1ll3r/Downloads/hackBlox/Round02/data/train/undefined/pool_eba499.jpg,4,0.9262044,scratch_consensus_round2,1.0
6132,/home/h3r0-k1ll3r/Downloads/hackBlox/Round02/data/train/undefined/pool_ebbfa2.jpg,1,0.90215,scratch_consensus_round2,1.0
6135,/home/h3r0-k1ll3r/Downloads/hackBlox/Round02/data/train/undefined/pool_ebc613.jpg,5,0.94963473,scratch_consensus_round2,1.0
6136,/home/h3r0-k1ll3r/Downloads/hackBlox/Round02/data/train/undefined/pool_ebcde4.jpg,5,0.8656248,scratch_consensus_round2,1.0
6147,/home/h3r0-k1ll3r/Downloads/hackBlox/Round02/data/train/undefined/pool_ec37bb.jpg,5,0.8541184,scratch_consensus_round2,1.0
6162,/home/h3r0-k1ll3r/Downloads/hackBlox/Round02/data/train/undefined/pool_ecd352.jpg,3,0.9193819,scratch_consensus_round2,1.0
6164,/home/h3r0-k1ll3r/Downloads/hackBlox/Round02/data/train/undefined/pool_eceb61.jpg,5,0.9163155,scratch_consensus_round2,1.0
6169,/home/h3r0-k1ll3r/Downloads/hackBlox/Round02/data/train/undefined/pool_ed012a.jpg,0,0.93482643,scratch_consensus_round2,1.0
6176,/home/h3r0-k1ll3r/Downloads/hackBlox/Round02/data/train/undefined/pool_ed7e58.jpg,1,0.87601036,scratch_consensus_round2,1.0
6193,/home/h3r0-k1ll3r/Downloads/hackBlox/Round02/data/train/undefined/pool_ee4f13.jpg,2,0.9429101,scratch_consensus_round2,1.0
6194,/home/h3r0-k1ll3r/Downloads/hackBlox/Round02/data/train/undefined/pool_ee538a.jpg,2,0.9274251,scratch_consensus_round2,1.0
6201,/home/h3r0-k1ll3r/Downloads/hackBlox/Round02/data/train/undefined/pool_eed7ff.jpg,3,0.8660296,scratch_consensus_round2,1.0
6203,/home/h3r0-k1ll3r/Downloads/hackBlox/Round02/data/train/undefined/pool_eee303.jpg,5,0.8592468,scratch_consensus_round2,1.0
6205,/home/h3r0-k1ll3r/Downloads/hackBlox/Round02/data/train/undefined/pool_eefb04.jpg,5,0.8869964,scratch_consensus_round2,1.0
6207,/home/h3r0-k1ll3r/Downloads/hackBlox/Round02/data/train/undefined/pool_ef08d0.jpg,3,0.93630487,scratch_consensus_round2,1.0
6227,/home/h3r0-k1ll3r/Downloads/hackBlox/Round02/data/train/undefined/pool_efa71b.jpg,0,0.91032505,scratch_consensus_round2,1.0
6235,/home/h3r0-k1ll3r/Downloads/hackBlox/Round02/data/train/undefined/pool_efef09.jpg,1,0.85768634,scratch_consensus_round2,1.0
6241,/home/h3r0-k1ll3r/Downloads/hackBlox/Round02/data/train/undefined/pool_f073fb.jpg,1,0.9113617,scratch_consensus_round2,1.0
6242,/home/h3r0-k1ll3r/Downloads/hackBlox/Round02/data/train/undefined/pool_f085b2.jpg,2,0.9286278,scratch_consensus_round2,1.0
6248,/home/h3r0-k1ll3r/Downloads/hackBlox/Round02/data/train/undefined/pool_f0d147.jpg,0,0.877823,scratch_consensus_round2,1.0
6256,/home/h3r0-k1ll3r/Downloads/hackBlox/Round02/data/train/undefined/pool_f14b1a.jpg,3,0.8841068,scratch_consensus_round2,1.0
6263,/home/h3r0-k1ll3r/Downloads/hackBlox/Round02/data/train/undefined/pool_f1881a.jpg,5,0.94577956,scratch_consensus_round2,1.0
6266,/home/h3r0-k1ll3r/Downloads/hackBlox/Round02/data/train/undefined/pool_f1bbb4.jpg,0,0.91300035,scratch_consensus_round2,1.0
6268,/home/h3r0-k1ll3r/Downloads/hackBlox/Round02/data/train/undefined/pool_f1cdb7.jpg,3,0.9171891,scratch_consensus_round2,1.0
6276,/home/h3r0-k1ll3r/Downloads/hackBlox/Round02/data/train/undefined/pool_f25448.jpg,2,0.8766221,scratch_consensus_round2,1.0
6278,/home/h3r0-k1ll3r/Downloads/hackBlox/Round02/data/train/undefined/pool_f270a1.jpg,5,0.8989202,scratch_consensus_round2,1.0
6282,/home/h3r0-k1ll3r/Downloads/hackBlox/Round02/data/train/undefined/pool_f28b77.jpg,1,0.90772647,scratch_consensus_round2,1.0
6285,/home/h3r0-k1ll3r/Downloads/hackBlox/Round02/data/train/undefined/pool_f2b2fe.jpg,5,0.8535957,scratch_consensus_round2,1.0
6296,/home/h3r0-k1ll3r/Downloads/hackBlox/Round02/data/train/undefined/pool_f318b1.jpg,4,0.97347665,scratch_consensus_round2,1.0
6297,/home/h3r0-k1ll3r/Downloads/hackBlox/Round02/data/train/undefined/pool_f32c2a.jpg,1,0.94868964,scratch_consensus_round2,1.0
6302,/home/h3r0-k1ll3r/Downloads/hackBlox/Round02/data/train/undefined/pool_f37b93.jpg,4,0.8987741,scratch_consensus_round2,1.0
6304,/home/h3r0-k1ll3r/Downloads/hackBlox/Round02/data/train/undefined/pool_f3b43d.jpg,1,0.899931,scratch_consensus_round2,1.0
6305,/home/h3r0-k1ll3r/Downloads/hackBlox/Round02/data/train/undefined/pool_f3b894.jpg,3,0.8603269,scratch_consensus_round2,1.0
6306,/home/h3r0-k1ll3r/Downloads/hackBlox/Round02/data/train/undefined/pool_f3b963.jpg,1,0.8815712,scratch_consensus_round2,1.0
6317,/home/h3r0-k1ll3r/Downloads/hackBlox/Round02/data/train/undefined/pool_f4134c.jpg,4,0.922879,scratch_consensus_round2,1.0
6318,/home/h3r0-k1ll3r/Downloads/hackBlox/Round02/data/train/undefined/pool_f419bb.jpg,0,0.9046876,scratch_consensus_round2,1.0
6320,/home/h3r0-k1ll3r/Downloads/hackBlox/Round02/data/train/undefined/pool_f43a5d.jpg,3,0.85837555,scratch_consensus_round2,1.0
6323,/home/h3r0-k1ll3r/Downloads/hackBlox/Round02/data/train/undefined/pool_f47696.jpg,1,0.89703083,scratch_consensus_round2,1.0
6325,/home/h3r0-k1ll3r/Downloads/hackBlox/Round02/data/train/undefined/pool_f4a5d1.jpg,2,0.86785704,scratch_consensus_round2,1.0
6326,/home/h3r0-k1ll3r/Downloads/hackBlox/Round02/data/train/undefined/pool_f4ba95.jpg,3,0.9473501,scratch_consensus_round2,1.0
6327,/home/h3r0-k1ll3r/Downloads/hackBlox/Round02/data/train/undefined/pool_f4c809.jpg,5,0.91329944,scratch_consensus_round2,1.0
6328,/home/h3r0-k1ll3r/Downloads/hackBlox/Round02/data/train/undefined/pool_f4d478.jpg,5,0.9249145,scratch_consensus_round2,1.0
6334,/home/h3r0-k1ll3r/Downloads/hackBlox/Round02/data/train/undefined/pool_f50137.jpg,2,0.88636667,scratch_consensus_round2,1.0
6338,/home/h3r0-k1ll3r/Downloads/hackBlox/Round02/data/train/undefined/pool_f52bc5.jpg,0,0.9588611,scratch_consensus_round2,1.0
6345,/home/h3r0-k1ll3r/Downloads/hackBlox/Round02/data/train/undefined/pool_f56211.jpg,3,0.91977304,scratch_consensus_round2,1.0
6347,/home/h3r0-k1ll3r/Downloads/hackBlox/Round02/data/train/undefined/pool_f57b3a.jpg,3,0.8661356,scratch_consensus_round2,1.0
6349,/home/h3r0-k1ll3r/Downloads/hackBlox/Round02/data/train/undefined/pool_f5848e.jpg,2,0.8952803,scratch_consensus_round2,1.0
6352,/home/h3r0-k1ll3r/Downloads/hackBlox/Round02/data/train/undefined/pool_f59ff6.jpg,4,0.9550839,scratch_consensus_round2,1.0
6353,/home/h3r0-k1ll3r/Downloads/hackBlox/Round02/data/train/undefined/pool_f5bbc9.jpg,4,0.95870256,scratch_consensus_round2,1.0
6368,/home/h3r0-k1ll3r/Downloads/hackBlox/Round02/data/train/undefined/pool_f65dd9.jpg,3,0.870528,scratch_consensus_round2,1.0
6375,/home/h3r0-k1ll3r/Downloads/hackBlox/Round02/data/train/undefined/pool_f6963e.jpg,4,0.9252805,scratch_consensus_round2,1.0
6379,/home/h3r0-k1ll3r/Downloads/hackBlox/Round02/data/train/undefined/pool_f6ae04.jpg,2,0.9359121,scratch_consensus_round2,1.0
6394,/home/h3r0-k1ll3r/Downloads/hackBlox/Round02/data/train/undefined/pool_f77195.jpg,0,0.9413981,scratch_consensus_round2,1.0
6397,/home/h3r0-k1ll3r/Downloads/hackBlox/Round02/data/train/undefined/pool_f78c5e.jpg,1,0.9019286,scratch_consensus_round2,1.0
6407,/home/h3r0-k1ll3r/Downloads/hackBlox/Round02/data/train/undefined/pool_f7ca1d.jpg,1,0.8703523,scratch_consensus_round2,1.0
6413,/home/h3r0-k1ll3r/Downloads/hackBlox/Round02/data/train/undefined/pool_f83387.jpg,3,0.95874166,scratch_consensus_round2,1.0
6419,/home/h3r0-k1ll3r/Downloads/hackBlox/Round02/data/train/undefined/pool_f88c77.jpg,5,0.8535397,scratch_consensus_round2,1.0
6425,/home/h3r0-k1ll3r/Downloads/hackBlox/Round02/data/train/undefined/pool_f8d711.jpg,3,0.9187552,scratch_consensus_round2,1.0
6429,/home/h3r0-k1ll3r/Downloads/hackBlox/Round02/data/train/undefined/pool_f8fda5.jpg,1,0.8631081,scratch_consensus_round2,1.0
6431,/home/h3r0-k1ll3r/Downloads/hackBlox/Round02/data/train/undefined/pool_f91079.jpg,1,0.8525243,scratch_consensus_round2,1.0
6440,/home/h3r0-k1ll3r/Downloads/hackBlox/Round02/data/train/undefined/pool_f9d526.jpg,3,0.95601237,scratch_consensus_round2,1.0
6443,/home/h3r0-k1ll3r/Downloads/hackBlox/Round02/data/train/undefined/pool_f9f138.jpg,5,0.939971,scratch_consensus_round2,1.0
6446,/home/h3r0-k1ll3r/Downloads/hackBlox/Round02/data/train/undefined/pool_f9fae1.jpg,2,0.9430883,scratch_consensus_round2,1.0
6449,/home/h3r0-k1ll3r/Downloads/hackBlox/Round02/data/train/undefined/pool_fa1636.jpg,0,0.88033485,scratch_consensus_round2,1.0
6450,/home/h3r0-k1ll3r/Downloads/hackBlox/Round02/data/train/undefined/pool_fa1da6.jpg,3,0.9104785,scratch_consensus_round2,1.0
6452,/home/h3r0-k1ll3r/Downloads/hackBlox/Round02/data/train/undefined/pool_fa27e7.jpg,4,0.86317295,scratch_consensus_round2,1.0
6454,/home/h3r0-k1ll3r/Downloads/hackBlox/Round02/data/train/undefined/pool_fa37c3.jpg,4,0.8933445,scratch_consensus_round2,1.0
6456,/home/h3r0-k1ll3r/Downloads/hackBlox/Round02/data/train/undefined/pool_fa4c87.jpg,0,0.94053316,scratch_consensus_round2,1.0
6469,/home/h3r0-k1ll3r/Downloads/hackBlox/Round02/data/train/undefined/pool_fac1ac.jpg,3,0.8623211,scratch_consensus_round2,1.0
6471,/home/h3r0-k1ll3r/Downloads/hackBlox/Round02/data/train/undefined/pool_fac9cb.jpg,5,0.97082347,scratch_consensus_round2,1.0
6472,/home/h3r0-k1ll3r/Downloads/hackBlox/Round02/data/train/undefined/pool_fad234.jpg,1,0.9114861,scratch_consensus_round2,1.0
6476,/home/h3r0-k1ll3r/Downloads/hackBlox/Round02/data/train/undefined/pool_fae1a6.jpg,1,0.90169954,scratch_consensus_round2,1.0
6477,/home/h3r0-k1ll3r/Downloads/hackBlox/Round02/data/train/undefined/pool_faeb01.jpg,1,0.9344553,scratch_consensus_round2,1.0
6478,/home/h3r0-k1ll3r/Downloads/hackBlox/Round02/data/train/undefined/pool_faf17f.jpg,4,0.9066156,scratch_consensus_round2,1.0
6482,/home/h3r0-k1ll3r/Downloads/hackBlox/Round02/data/train/undefined/pool_fb0d44.jpg,4,0.95752406,scratch_consensus_round2,1.0
6483,/home/h3r0-k1ll3r/Downloads/hackBlox/Round02/data/train/undefined/pool_fb15c8.jpg,4,0.86433125,scratch_consensus_round2,1.0
6489,/home/h3r0-k1ll3r/Downloads/hackBlox/Round02/data/train/undefined/pool_fb3db4.jpg,2,0.89441735,scratch_consensus_round2,1.0
6490,/home/h3r0-k1ll3r/Downloads/hackBlox/Round02/data/train/undefined/pool_fb5b89.jpg,2,0.8893236,scratch_consensus_round2,1.0
6491,/home/h3r0-k1ll3r/Downloads/hackBlox/Round02/data/train/undefined/pool_fb632f.jpg,1,0.8802468,scratch_consensus_round2,1.0
6493,/home/h3r0-k1ll3r/Downloads/hackBlox/Round02/data/train/undefined/pool_fb88ba.jpg,5,0.88114077,scratch_consensus_round2,1.0
6506,/home/h3r0-k1ll3r/Downloads/hackBlox/Round02/data/train/undefined/pool_fc32c0.jpg,3,0.89854074,scratch_consensus_round2,1.0
6509,/home/h3r0-k1ll3r/Downloads/hackBlox/Round02/data/train/undefined/pool_fc80cd.jpg,2,0.9276198,scratch_consensus_round2,1.0
6517,/home/h3r0-k1ll3r/Downloads/hackBlox/Round02/data/train/undefined/pool_fd0bd0.jpg,5,0.86538815,scratch_consensus_round2,1.0
6527,/home/h3r0-k1ll3r/Downloads/hackBlox/Round02/data/train/undefined/pool_fd404e.jpg,3,0.94066304,scratch_consensus_round2,1.0
6536,/home/h3r0-k1ll3r/Downloads/hackBlox/Round02/data/train/undefined/pool_fd8adf.jpg,0,0.8608488,scratch_consensus_round2,1.0
6549,/home/h3r0-k1ll3r/Downloads/hackBlox/Round02/data/train/undefined/pool_fe253e.jpg,2,0.8962872,scratch_consensus_round2,1.0
6552,/home/h3r0-k1ll3r/Downloads/hackBlox/Round02/data/train/undefined/pool_fe6d3b.jpg,3,0.8770602,scratch_consensus_round2,1.0
6553,/home/h3r0-k1ll3r/Downloads/hackBlox/Round02/data/train/undefined/pool_fe7def.jpg,5,0.9463042,scratch_consensus_round2,1.0
6555,/home/h3r0-k1ll3r/Downloads/hackBlox/Round02/data/train/undefined/pool_fe923e.jpg,4,0.9133793,scratch_consensus_round2,1.0
6564,/home/h3r0-k1ll3r/Downloads/hackBlox/Round02/data/train/undefined/pool_fee398.jpg,1,0.87908417,scratch_consensus_round2,1.0
6565,/home/h3r0-k1ll3r/Downloads/hackBlox/Round02/data/train/undefined/pool_feea35.jpg,5,0.9072282,scratch_consensus_round2,1.0
6571,/home/h3r0-k1ll3r/Downloads/hackBlox/Round02/data/train/undefined/pool_ff131d.jpg,4,0.85232496,scratch_consensus_round2,1.0
6572,/home/h3r0-k1ll3r/Downloads/hackBlox/Round02/data/train/undefined/pool_ff1e9d.jpg,4,0.87709016,scratch_consensus_round2,1.0
6575,/home/h3r0-k1ll3r/Downloads/hackBlox/Round02/data/train/undefined/pool_ff2eb4.jpg,0,0.8598038,scratch_consensus_round2,1.0
6576,/home/h3r0-k1ll3r/Downloads/hackBlox/Round02/data/train/undefined/pool_ff3a9e.jpg,4,0.8569961,scratch_consensus_round2,1.0
6580,/home/h3r0-k1ll3r/Downloads/hackBlox/Round02/data/train/undefined/pool_ff5f0c.jpg,2,0.9372701,scratch_consensus_round2,1.0
6581,/home/h3r0-k1ll3r/Downloads/hackBlox/Round02/data/train/undefined/pool_ff66be.jpg,1,0.92799306,scratch_consensus_round2,1.0
6582,/home/h3r0-k1ll3r/Downloads/hackBlox/Round02/data/train/undefined/pool_ff67b8.jpg,4,0.9224594,scratch_consensus_round2,1.0
6585,/home/h3r0-k1ll3r/Downloads/hackBlox/Round02/data/train/undefined/pool_ff8a7c.jpg,5,0.8682141,scratch_consensus_round2,1.0
6588,/home/h3r0-k1ll3r/Downloads/hackBlox/Round02/data/train/undefined/pool_ffa4aa.jpg,4,0.94620115,scratch_consensus_round2,1.0
6596,/home/h3r0-k1ll3r/Downloads/hackBlox/Round02/data/train/undefined/pool_ffdf78.jpg,1,0.91928923,scratch_consensus_round2,1.0
